{"DocumentTypeId":"invoice.invoice.invoice","FormId":"b1a4d901","FormName":"Emag_3","OriginalFileExtension":"pdf","Pages":[{"Page":0,"Size":[0.0,0.0,595.0,841.0],"SkewAngle":0.0,"Evidence":[{"Text":"Seria:","Box":[29.797,313.111,18.151,9.233]},{"Text":"Data","Box":[38.547,313.111,15.414,9.233]},{"Text":"Nr","Box":[29.797,432.835,8.316,9.233]},{"Text":"factura:","Box":[29.797,443.083,25.214,9.233]},{"Text":"Factura","Box":[79.42,68.111,69.36,26.38]},{"Text":"Furnizor:","Box":[109.797,68.111,29.197,9.233]}],"Fields":[],"Tables":[{"FieldId":"invoice.invoice.invoice.TabelProduse","Headers":[{"FieldId":"invoice.invoice.invoice.TabelProduse.Denumireaproduselorsauaserviciilor","Box":[232.6032,56.6469,187.4862,46.6209]},{"FieldId":"invoice.invoice.invoice.TabelProduse.UM","Box":[232.6032,244.1331,27.5715,46.6209]},{"FieldId":"invoice.invoice.invoice.TabelProduse.Cantitatea","Box":[232.6032,271.7046,52.6365,46.6209]},{"FieldId":"invoice.invoice.invoice.TabelProduse.Pretunitar(faraTVA)","Box":[232.6032,324.3411,57.6495,46.6209]},{"FieldId":"invoice.invoice.invoice.TabelProduse.CotaTVA","Box":[232.6032,381.9906,38.0988,46.6209]},{"FieldId":"invoice.invoice.invoice.TabelProduse.Valoarea","Box":[232.6032,420.0894,59.1534,46.6209]},{"FieldId":"invoice.invoice.invoice.TabelProduse.ValoareaTVA","Box":[232.6032,479.2428,86.4742,46.6209]}],"Cells":[{"Row":0,"Column":0,"Box":[279.2241,56.6469,187.4862,46.1196]},{"Row":0,"Column":1,"Box":[279.2241,244.1331,27.5715,46.1196]},{"Row":0,"Column":2,"Box":[279.2241,271.7046,52.6365,46.1196]},{"Row":0,"Column":3,"Box":[279.2241,324.3411,57.6495,46.1196]},{"Row":0,"Column":4,"Box":[279.2241,381.9906,38.0988,46.1196]},{"Row":0,"Column":5,"Box":[279.2241,420.0894,59.1534,46.1196]},{"Row":0,"Column":6,"Box":[279.2241,479.2428,86.4742,46.1196]},{"Row":1,"Column":0,"Box":[325.3437,56.6469,187.4862,33.5871]},{"Row":1,"Column":1,"Box":[325.3437,244.1331,27.5715,33.5871]},{"Row":1,"Column":2,"Box":[325.3437,271.7046,52.6365,33.5871]},{"Row":1,"Column":3,"Box":[325.3437,324.3411,57.6495,33.5871]},{"Row":1,"Column":4,"Box":[325.3437,381.9906,38.0988,33.5871]},{"Row":1,"Column":5,"Box":[325.3437,420.0894,59.1534,33.5871]},{"Row":1,"Column":6,"Box":[325.3437,479.2428,86.4742,33.5871]},{"Row":2,"Column":0,"Box":[358.9308,56.6469,187.4862,32.0832]},{"Row":2,"Column":1,"Box":[358.9308,244.1331,27.5715,32.0832]},{"Row":2,"Column":2,"Box":[358.9308,271.7046,52.6365,32.0832]},{"Row":2,"Column":3,"Box":[358.9308,324.3411,57.6495,32.0832]},{"Row":2,"Column":4,"Box":[358.9308,381.9906,38.0988,32.0832]},{"Row":2,"Column":5,"Box":[358.9308,420.0894,59.1534,32.0832]},{"Row":2,"Column":6,"Box":[358.9308,479.2428,86.4742,32.0832]},{"Row":3,"Column":0,"Box":[391.014,56.6469,187.4862,37.5975]},{"Row":3,"Column":1,"Box":[391.014,244.1331,27.5715,37.5975]},{"Row":3,"Column":2,"Box":[391.014,271.7046,52.6365,37.5975]},{"Row":3,"Column":3,"Box":[391.014,324.3411,57.6495,37.5975]},{"Row":3,"Column":4,"Box":[391.014,381.9906,38.0988,37.5975]},{"Row":3,"Column":5,"Box":[391.014,420.0894,59.1534,37.5975]},{"Row":3,"Column":6,"Box":[391.014,479.2428,86.4742,37.5975]},{"Row":4,"Column":0,"Box":[428.6115,56.6469,187.4862,40.104]},{"Row":4,"Column":1,"Box":[428.6115,244.1331,27.5715,40.104]},{"Row":4,"Column":2,"Box":[428.6115,271.7046,52.6365,40.104]},{"Row":4,"Column":3,"Box":[428.6115,324.3411,57.6495,40.104]},{"Row":4,"Column":4,"Box":[428.6115,381.9906,38.0988,40.104]},{"Row":4,"Column":5,"Box":[428.6115,420.0894,59.1534,40.104]},{"Row":4,"Column":6,"Box":[428.6115,479.2428,86.4742,40.104]},{"Row":5,"Column":0,"Box":[468.7155,56.6469,187.4862,39.1014]},{"Row":5,"Column":1,"Box":[468.7155,244.1331,27.5715,39.1014]},{"Row":5,"Column":2,"Box":[468.7155,271.7046,52.6365,39.1014]},{"Row":5,"Column":3,"Box":[468.7155,324.3411,57.6495,39.1014]},{"Row":5,"Column":4,"Box":[468.7155,381.9906,38.0988,39.1014]},{"Row":5,"Column":5,"Box":[468.7155,420.0894,59.1534,39.1014]},{"Row":5,"Column":6,"Box":[468.7155,479.2428,86.4742,39.1014]},{"Row":6,"Column":0,"Box":[507.8169,56.6469,187.4862,39.352]},{"Row":6,"Column":1,"Box":[507.8169,244.1331,27.5715,39.352]},{"Row":6,"Column":2,"Box":[507.8169,271.7046,52.6365,39.352]},{"Row":6,"Column":3,"Box":[507.8169,324.3411,57.6495,39.352]},{"Row":6,"Column":4,"Box":[507.8169,381.9906,38.0988,39.352]},{"Row":6,"Column":5,"Box":[507.8169,420.0894,59.1534,39.352]},{"Row":6,"Column":6,"Box":[507.8169,479.2428,86.4742,39.352]}]}]}],"AnchorBasedConfiguration":{"AnchorBasedFieldConfiguration":[{"FieldId":"invoice.invoice.invoice.Furnizor","FieldDescriptors":[{"PageIndexAtDesignTime":0,"Offset":[-7.0438,18.8322,80.0229,13.0009],"Target":{"Text":"Furnizor:","Area":[109.797,68.111,29.197,9.233]},"Anchors":[]}]},{"FieldId":"invoice.invoice.invoice.CUI","FieldDescriptors":[{"PageIndexAtDesignTime":0,"Offset":[-3.9216,23.4024,49.3139,8.742],"Target":{"Text":"C.I.F.:","Area":[127.297,68.111,17.815,9.233]},"Anchors":[]}]},{"FieldId":"invoice.invoice.invoice.J","FieldDescriptors":[{"PageIndexAtDesignTime":0,"Offset":[-4.5861,19.8913,49.3139,9.4145],"Target":{"Text":"com./an:","Area":[118.547,121.199,28.945,9.233]},"Anchors":[]}]},{"FieldId":"invoice.invoice.invoice.Nrfactura","FieldDescriptors":[{"PageIndexAtDesignTime":0,"Offset":[-6.8991,19.1294,51.5162,13.6596],"Target":{"Text":"Nr factura:","Area":[29.797,432.835,35.462,9.233]},"Anchors":[]}]},{"FieldId":"invoice.invoice.invoice.Data","FieldDescriptors":[{"PageIndexAtDesignTime":0,"Offset":[-4.7215,26.2393,40.7837,11.1228],"Target":{"Text":"Data (Z, L, A)","Area":[38.547,313.111,42.917,9.233]},"Anchors":[]}]},{"FieldId":"invoice.invoice.invoice.Totaldeplata","FieldDescriptors":[{"PageIndexAtDesignTime":0,"Offset":[13.4599,90.4648,44.8816,27.3192],"Target":{"Text":"Total de plata","Area":[689.983,402.835,56.214,12.933]},"Anchors":[]}]},{"FieldId":"invoice.invoice.invoice.TotalfaraTVA","FieldDescriptors":[{"PageIndexAtDesignTime":0,"Offset":[-7.1826,43.6714,32.4431,12.3593],"Target":{"Text":"Total","Area":[663.483,417.723,20.637,12.933]},"Anchors":[]}]}]}}