{"DocumentTypeId":"invoice.invoice.invoice","FormId":"103d4b91","FormName":"Emag2","OriginalFileExtension":"pdf","Pages":[{"Page":0,"Size":[0.0,0.0,595.0,841.0],"SkewAngle":0.0,"Evidence":[{"Text":"Factura","Box":[79.42,68.111,69.36,26.38]},{"Text":"Furnizor:","Box":[109.797,68.111,29.197,9.233]},{"Text":"Banca:","Box":[153.547,68.111,21.511,9.233]},{"Text":"Seria:","Box":[29.797,313.111,18.151,9.233]},{"Text":"Data","Box":[38.547,313.111,15.414,9.233]},{"Text":"factura:","Box":[29.797,443.083,25.214,9.233]}],"Fields":[],"Tables":[{"FieldId":"invoice.invoice.invoice.TabelProduse","Headers":[{"FieldId":"invoice.invoice.invoice.TabelProduse.Denumireaproduselorsauaserviciilor","Box":[232.6404,56.4326,187.1488,46.6432]},{"FieldId":"invoice.invoice.invoice.TabelProduse.UM","Box":[232.6404,243.5814,28.2163,46.6432]},{"FieldId":"invoice.invoice.invoice.TabelProduse.Cantitatea","Box":[232.6404,271.7976,52.4017,46.6432]},{"FieldId":"invoice.invoice.invoice.TabelProduse.Pretunitar(faraTVA)","Box":[232.6404,324.1993,59.3118,46.6432]},{"FieldId":"invoice.invoice.invoice.TabelProduse.CotaTVA","Box":[232.6404,383.5111,35.7022,46.6432]},{"FieldId":"invoice.invoice.invoice.TabelProduse.Valoarea","Box":[232.6404,419.2133,59.8876,46.6432]},{"FieldId":"invoice.invoice.invoice.TabelProduse.ValoareaTVA","Box":[232.6404,479.1009,86.6643,46.6432]}],"Cells":[{"Row":0,"Column":0,"Box":[279.2836,56.4326,187.1488,46.0674]},{"Row":0,"Column":1,"Box":[279.2836,243.5814,28.2163,46.0674]},{"Row":0,"Column":2,"Box":[279.2836,271.7976,52.4017,46.0674]},{"Row":0,"Column":3,"Box":[279.2836,324.1993,59.3118,46.0674]},{"Row":0,"Column":4,"Box":[279.2836,383.5111,35.7022,46.0674]},{"Row":0,"Column":5,"Box":[279.2836,419.2133,59.8876,46.0674]},{"Row":0,"Column":6,"Box":[279.2836,479.1009,86.6643,46.0674]},{"Row":1,"Column":0,"Box":[325.351,56.4326,187.1488,51.25]},{"Row":1,"Column":1,"Box":[325.351,243.5814,28.2163,51.25]},{"Row":1,"Column":2,"Box":[325.351,271.7976,52.4017,51.25]},{"Row":1,"Column":3,"Box":[325.351,324.1993,59.3118,51.25]},{"Row":1,"Column":4,"Box":[325.351,383.5111,35.7022,51.25]},{"Row":1,"Column":5,"Box":[325.351,419.2133,59.8876,51.25]},{"Row":1,"Column":6,"Box":[325.351,479.1009,86.6643,51.25]},{"Row":2,"Column":0,"Box":[376.601,56.4326,187.1488,40.309]},{"Row":2,"Column":1,"Box":[376.601,243.5814,28.2163,40.309]},{"Row":2,"Column":2,"Box":[376.601,271.7976,52.4017,40.309]},{"Row":2,"Column":3,"Box":[376.601,324.1993,59.3118,40.309]},{"Row":2,"Column":4,"Box":[376.601,383.5111,35.7022,40.309]},{"Row":2,"Column":5,"Box":[376.601,419.2133,59.8876,40.309]},{"Row":2,"Column":6,"Box":[376.601,479.1009,86.6643,40.309]},{"Row":3,"Column":0,"Box":[416.9099,56.4326,187.1488,37.7177]},{"Row":3,"Column":1,"Box":[416.9099,243.5814,28.2163,37.7177]},{"Row":3,"Column":2,"Box":[416.9099,271.7976,52.4017,37.7177]},{"Row":3,"Column":3,"Box":[416.9099,324.1993,59.3118,37.7177]},{"Row":3,"Column":4,"Box":[416.9099,383.5111,35.7022,37.7177]},{"Row":3,"Column":5,"Box":[416.9099,419.2133,59.8876,37.7177]},{"Row":3,"Column":6,"Box":[416.9099,479.1009,86.6643,37.7177]}]}]}],"AnchorBasedConfiguration":{"AnchorBasedFieldConfiguration":[{"FieldId":"invoice.invoice.invoice.Furnizor","FieldDescriptors":[{"PageIndexAtDesignTime":0,"Offset":[-5.6923,19.8961,78.1434,11.2119],"Target":{"Text":"Furnizor:","Area":[109.797,68.111,29.197,9.233]},"Anchors":[]}]},{"FieldId":"invoice.invoice.invoice.CUI","FieldDescriptors":[{"PageIndexAtDesignTime":0,"Offset":[-3.2825,25.1007,43.8589,7.4189],"Target":{"Text":"C.I.F.:","Area":[127.297,68.111,17.815,9.233]},"Anchors":[{"Text":"ord.registru","Area":[118.547,80.256,39.011,9.233]},{"Text":"Capital","Area":[136.047,68.111,22.939,9.233]},{"Text":"social","Area":[136.047,92.982,18.459,9.233]}]}]},{"FieldId":"invoice.invoice.invoice.J","FieldDescriptors":[{"PageIndexAtDesignTime":0,"Offset":[-3.6895,46.8836,46.8482,8.0695],"Target":{"Text":"Nr. ord.registru com./an:","Area":[118.547,68.111,82.033,9.233]},"Anchors":[{"Text":"Furnizor:","Area":[109.797,68.111,29.197,9.233]},{"Text":"C.I.F.:","Area":[127.297,68.111,17.815,9.233]}]}]},{"FieldId":"invoice.invoice.invoice.Nrfactura","FieldDescriptors":[{"PageIndexAtDesignTime":0,"Offset":[-6.1701,18.8122,53.3486,11.2077],"Target":{"Text":"Nr factura:","Area":[29.797,432.835,35.462,9.233]},"Anchors":[]}]},{"FieldId":"invoice.invoice.invoice.Data","FieldDescriptors":[{"PageIndexAtDesignTime":0,"Offset":[-4.5407,27.3259,36.5629,9.6557],"Target":{"Text":"Data (Z, L, A)","Area":[38.547,313.111,42.917,9.233]},"Anchors":[{"Text":"Seria:","Area":[29.797,313.111,18.151,9.233]}]}]},{"FieldId":"invoice.invoice.invoice.Totaldeplata","FieldDescriptors":[{"PageIndexAtDesignTime":0,"Offset":[17.2986,78.9703,53.8307,24.8449],"Target":{"Text":"Total de plata","Area":[689.56,402.835,56.214,14.274]},"Anchors":[]}]},{"FieldId":"invoice.invoice.invoice.TotalfaraTVA","FieldDescriptors":[{"PageIndexAtDesignTime":0,"Offset":[-4.9592,38.4404,37.3729,8.8336],"Target":{"Text":"Total","Area":[663.06,417.723,20.637,14.274]},"Anchors":[]}]}]}}