{"DocumentId":"607c1498b9ab2","ContentType":"application/pdf","Length":3162,"Pages":[{"PageIndex":0,"Size":[0.0,0.0,595.0,841.0],"Sections":[{"IndexInText":0,"Language":"eng","Length":11,"Rotation":"None","SkewAngle":0.0,"Type":"Paragraph","WordGroups":[{"IndexInText":0,"Length":11,"Type":"Other","Words":[{"Box":[29.797,313.111,18.151,9.233],"Polygon":[313.111,29.797,331.262,29.797,331.262,39.03,313.111,39.03],"IndexInText":0,"OcrConfidence":1.0,"Text":"Seria:","VisualLineNumber":0},{"Box":[29.489,363.111,21.56,10.059],"Polygon":[363.111,29.489,384.671,29.489,384.671,39.548,363.111,39.548],"IndexInText":7,"OcrConfidence":1.0,"Text":"ROWH","VisualLineNumber":0}]}]},{"IndexInText":13,"Language":"ron","Length":25,"Rotation":"None","SkewAngle":0.0,"Type":"Paragraph","WordGroups":[{"IndexInText":13,"Length":25,"Type":"Other","Words":[{"Box":[38.547,313.111,15.414,9.233],"Polygon":[313.111,38.547,328.525,38.547,328.525,47.78,313.111,47.78],"IndexInText":13,"OcrConfidence":1.0,"Text":"Data","VisualLineNumber":1},{"Box":[38.547,330.457,8.729,9.233],"Polygon":[330.457,38.547,339.186,38.547,339.186,47.78,330.457,47.78],"IndexInText":18,"OcrConfidence":1.0,"Text":"(Z,","VisualLineNumber":1},{"Box":[38.547,341.118,5.474,9.233],"Polygon":[341.118,38.547,346.592,38.547,346.592,47.78,341.118,47.78],"IndexInText":22,"OcrConfidence":1.0,"Text":"L,","VisualLineNumber":1},{"Box":[38.547,348.524,7.504,9.233],"Polygon":[348.524,38.547,356.028,38.547,356.028,47.78,348.524,47.78],"IndexInText":25,"OcrConfidence":1.0,"Text":"A)","VisualLineNumber":1},{"Box":[38.239,363.111,33.516,10.059],"Polygon":[363.111,38.239,396.627,38.239,396.627,48.298,363.111,48.298],"IndexInText":28,"OcrConfidence":1.0,"Text":"19-01-2021","VisualLineNumber":1}]}]},{"IndexInText":40,"Language":"ron","Length":24,"Rotation":"None","SkewAngle":0.0,"Type":"Paragraph","WordGroups":[{"IndexInText":40,"Length":24,"Type":"Other","Words":[{"Box":[29.797,432.835,8.316,9.233],"Polygon":[432.835,29.797,441.151,29.797,441.151,39.03,432.835,39.03],"IndexInText":40,"OcrConfidence":1.0,"Text":"Nr","VisualLineNumber":0},{"Box":[29.797,443.083,25.214,9.233],"Polygon":[443.083,29.797,468.297,29.797,468.297,39.03,443.083,39.03],"IndexInText":43,"OcrConfidence":1.0,"Text":"factura:","VisualLineNumber":0},{"Box":[29.797,470.229,48.3,9.233],"Polygon":[470.229,29.797,518.529,29.797,518.529,39.03,470.229,39.03],"IndexInText":52,"OcrConfidence":1.0,"Text":"219913252995","VisualLineNumber":0}]}]},{"IndexInText":66,"Language":"ron","Length":7,"Rotation":"None","SkewAngle":0.0,"Type":"Paragraph","WordGroups":[{"IndexInText":66,"Length":7,"Type":"Heading","Words":[{"Box":[79.42,68.111,69.36,26.38],"Polygon":[68.111,79.42,137.471,79.42,137.471,105.8,68.111,105.8],"IndexInText":66,"OcrConfidence":1.0,"Text":"Factura","VisualLineNumber":2}]}]},{"IndexInText":75,"Language":"fra","Length":34,"Rotation":"None","SkewAngle":0.0,"Type":"Paragraph","WordGroups":[{"IndexInText":75,"Length":34,"Type":"Other","Words":[{"Box":[109.797,68.111,29.197,9.233],"Polygon":[68.111,109.797,97.308,109.797,97.308,119.03,68.111,119.03],"IndexInText":75,"OcrConfidence":1.0,"Text":"Furnizor:","VisualLineNumber":3},{"Box":[109.489,103.111,18.998,10.059],"Polygon":[103.111,109.489,122.109,109.489,122.109,119.548,103.111,119.548],"IndexInText":85,"OcrConfidence":1.0,"Text":"Dante","VisualLineNumber":3},{"Box":[109.489,124.034,40.789,10.059],"Polygon":[124.034,109.489,164.823,109.489,164.823,119.548,124.034,119.548],"IndexInText":91,"OcrConfidence":1.0,"Text":"International","VisualLineNumber":3},{"Box":[109.489,166.748,11.879,10.059],"Polygon":[166.748,109.489,178.627,109.489,178.627,119.548,166.748,119.548],"IndexInText":105,"OcrConfidence":1.0,"Text":"S.A.","VisualLineNumber":3}]}]},{"IndexInText":111,"Language":"ron","Length":38,"Rotation":"None","SkewAngle":0.0,"Type":"Paragraph","WordGroups":[{"IndexInText":111,"Length":38,"Type":"Other","Words":[{"Box":[118.547,68.111,10.213,9.233],"Polygon":[68.111,118.547,78.324,118.547,78.324,127.78,68.111,127.78],"IndexInText":111,"OcrConfidence":1.0,"Text":"Nr.","VisualLineNumber":4},{"Box":[118.547,80.256,39.011,9.233],"Polygon":[80.256,118.547,119.267,118.547,119.267,127.78,80.256,127.78],"IndexInText":115,"OcrConfidence":1.0,"Text":"ord.registru","VisualLineNumber":4},{"Box":[118.547,121.199,28.945,9.233],"Polygon":[121.199,118.547,150.144,118.547,150.144,127.78,121.199,127.78],"IndexInText":128,"OcrConfidence":1.0,"Text":"com./an:","VisualLineNumber":4},{"Box":[118.239,157.144,43.547,10.059],"Polygon":[157.144,118.239,200.691,118.239,200.691,128.298,157.144,128.298],"IndexInText":137,"OcrConfidence":1.0,"Text":"J40/372/2002","VisualLineNumber":4}]}]},{"IndexInText":151,"Language":"ita","Length":19,"Rotation":"None","SkewAngle":0.0,"Type":"Paragraph","WordGroups":[{"IndexInText":151,"Length":19,"Type":"Other","Words":[{"Box":[127.297,68.111,17.815,9.233],"Polygon":[68.111,127.297,85.926,127.297,85.926,136.53,68.111,136.53],"IndexInText":151,"OcrConfidence":1.0,"Text":"C.I.F.:","VisualLineNumber":5},{"Box":[126.989,103.111,9.653,10.059],"Polygon":[103.111,126.989,112.764,126.989,112.764,137.048,103.111,137.048],"IndexInText":159,"OcrConfidence":1.0,"Text":"RO","VisualLineNumber":5},{"Box":[126.989,114.689,30.345,10.059],"Polygon":[114.689,126.989,145.034,126.989,145.034,137.048,114.689,137.048],"IndexInText":162,"OcrConfidence":1.0,"Text":"14399840","VisualLineNumber":5}]}]},{"IndexInText":172,"Language":"ron","Length":44,"Rotation":"None","SkewAngle":0.0,"Type":"Paragraph","WordGroups":[{"IndexInText":172,"Length":44,"Type":"Other","Words":[{"Box":[136.047,68.111,22.939,9.233],"Polygon":[68.111,136.047,91.05,136.047,91.05,145.28,68.111,145.28],"IndexInText":172,"OcrConfidence":1.0,"Text":"Capital","VisualLineNumber":6},{"Box":[136.047,92.982,18.459,9.233],"Polygon":[92.982,136.047,111.441,136.047,111.441,145.28,92.982,145.28],"IndexInText":180,"OcrConfidence":1.0,"Text":"social","VisualLineNumber":6},{"Box":[136.047,113.373,25.949,9.233],"Polygon":[113.373,136.047,139.322,136.047,139.322,145.28,113.373,145.28],"IndexInText":187,"OcrConfidence":1.0,"Text":"subscris","VisualLineNumber":6},{"Box":[136.047,141.254,5.068,9.233],"Polygon":[141.254,136.047,146.322,136.047,146.322,145.28,141.254,145.28],"IndexInText":196,"OcrConfidence":1.0,"Text":"si","VisualLineNumber":6},{"Box":[136.047,148.254,21.812,9.233],"Polygon":[148.254,136.047,170.066,136.047,170.066,145.28,148.254,145.28],"IndexInText":199,"OcrConfidence":1.0,"Text":"varsat:","VisualLineNumber":6},{"Box":[135.739,177.066,28.574,10.059],"Polygon":[177.066,135.739,205.64,135.739,205.64,145.798,177.066,145.798],"IndexInText":207,"OcrConfidence":1.0,"Text":"1.310.243","VisualLineNumber":6}]}]},{"IndexInText":218,"Language":"ron","Length":35,"Rotation":"None","SkewAngle":0.0,"Type":"Paragraph","WordGroups":[{"IndexInText":218,"Length":35,"Type":"Other","Words":[{"Box":[144.797,68.111,17.5,9.233],"Polygon":[68.111,144.797,85.611,144.797,85.611,154.03,68.111,154.03],"IndexInText":218,"OcrConfidence":1.0,"Text":"Cont:","VisualLineNumber":7},{"Box":[144.489,103.111,17.444,10.059],"Polygon":[103.111,144.489,120.555,144.489,120.555,154.548,103.111,154.548],"IndexInText":224,"OcrConfidence":1.0,"Text":"RO26","VisualLineNumber":7},{"Box":[144.489,122.48,15.96,10.059],"Polygon":[122.48,144.489,138.44,144.489,138.44,154.548,122.48,154.548],"IndexInText":229,"OcrConfidence":1.0,"Text":"TREZ","VisualLineNumber":7},{"Box":[144.489,140.365,15.407,10.059],"Polygon":[140.365,144.489,155.772,144.489,155.772,154.548,140.365,154.548],"IndexInText":234,"OcrConfidence":1.0,"Text":"7005","VisualLineNumber":7},{"Box":[144.489,157.697,16.03,10.059],"Polygon":[157.697,144.489,173.727,144.489,173.727,154.548,157.697,154.548],"IndexInText":239,"OcrConfidence":1.0,"Text":"069X","VisualLineNumber":7},{"Box":[144.489,175.652,16.436,10.059],"Polygon":[175.652,144.489,192.088,144.489,192.088,154.548,175.652,154.548],"IndexInText":244,"OcrConfidence":1.0,"Text":"XX00","VisualLineNumber":7},{"Box":[144.489,194.013,14.357,10.059],"Polygon":[194.013,144.489,208.37,144.489,208.37,154.548,194.013,154.548],"IndexInText":249,"OcrConfidence":1.0,"Text":"1637","VisualLineNumber":7}]}]},{"IndexInText":255,"Language":"ron","Length":67,"Rotation":"None","SkewAngle":0.0,"Type":"Paragraph","WordGroups":[{"IndexInText":255,"Length":67,"Type":"Other","Words":[{"Box":[153.547,68.111,21.511,9.233],"Polygon":[68.111,153.547,89.622,153.547,89.622,162.78,68.111,162.78],"IndexInText":255,"OcrConfidence":1.0,"Text":"Banca:","VisualLineNumber":8},{"Box":[153.239,103.111,32.039,10.059],"Polygon":[103.111,153.239,135.15,153.239,135.15,163.298,103.111,163.298],"IndexInText":262,"OcrConfidence":1.0,"Text":"Trezorerie","VisualLineNumber":8},{"Box":[153.239,137.075,4.844,10.059],"Polygon":[137.075,153.239,141.919,153.239,141.919,163.298,137.075,163.298],"IndexInText":273,"OcrConfidence":1.0,"Text":"si","VisualLineNumber":8},{"Box":[153.239,143.844,40.915,10.059],"Polygon":[143.844,153.239,184.759,153.239,184.759,163.298,143.844,163.298],"IndexInText":276,"OcrConfidence":1.0,"Text":"Contabilitate","VisualLineNumber":8},{"Box":[153.239,186.684,22.988,10.059],"Polygon":[186.684,153.239,209.672,153.239,209.672,163.298,186.684,163.298],"IndexInText":290,"OcrConfidence":1.0,"Text":"Publica","VisualLineNumber":8},{"Box":[153.239,211.597,3.654,10.059],"Polygon":[211.597,153.239,215.251,153.239,215.251,163.298,211.597,163.298],"IndexInText":298,"OcrConfidence":1.0,"Text":"a","VisualLineNumber":8},{"Box":[153.239,217.176,39.438,10.059],"Polygon":[217.176,153.239,256.614,153.239,256.614,163.298,217.176,163.298],"IndexInText":300,"OcrConfidence":1.0,"Text":"Municipiului","VisualLineNumber":8},{"Box":[161.989,103.111,29.358,10.059],"Polygon":[103.111,161.989,132.469,161.989,132.469,172.048,103.111,172.048],"IndexInText":313,"OcrConfidence":1.0,"Text":"Bucuresti","VisualLineNumber":9}]}]},{"IndexInText":324,"Language":"ita","Length":45,"Rotation":"None","SkewAngle":0.0,"Type":"Paragraph","WordGroups":[{"IndexInText":324,"Length":45,"Type":"Heading","Words":[{"Box":[171.047,68.111,14.217,9.233],"Polygon":[68.111,171.047,82.328,171.047,82.328,180.28,68.111,180.28],"IndexInText":324,"OcrConfidence":1.0,"Text":"BRD","VisualLineNumber":10},{"Box":[171.047,84.26,31.143,9.233],"Polygon":[84.26,171.047,115.403,171.047,115.403,180.28,84.26,180.28],"IndexInText":328,"OcrConfidence":1.0,"Text":"Sucursala","VisualLineNumber":10},{"Box":[171.047,117.335,15.239,9.233],"Polygon":[117.335,171.047,132.574,171.047,132.574,180.28,117.335,180.28],"IndexInText":338,"OcrConfidence":1.0,"Text":"Mari","VisualLineNumber":10},{"Box":[171.047,134.506,21.077,9.233],"Polygon":[134.506,171.047,155.583,171.047,155.583,180.28,134.506,180.28],"IndexInText":343,"OcrConfidence":1.0,"Text":"Clienti","VisualLineNumber":10},{"Box":[171.047,157.515,37.093,9.233],"Polygon":[157.515,171.047,194.608,171.047,194.608,180.28,157.515,180.28],"IndexInText":351,"OcrConfidence":1.0,"Text":"Corporativi","VisualLineNumber":10},{"Box":[171.047,196.54,24.528,9.233],"Polygon":[196.54,171.047,221.068,171.047,221.068,180.28,196.54,180.28],"IndexInText":363,"OcrConfidence":1.0,"Text":"(SMCC)","VisualLineNumber":10}]}]},{"IndexInText":371,"Language":"nor","Length":29,"Rotation":"None","SkewAngle":0.0,"Type":"Paragraph","WordGroups":[{"IndexInText":371,"Length":29,"Type":"Other","Words":[{"Box":[179.489,103.111,17.423,10.059],"Polygon":[103.111,179.489,120.534,179.489,120.534,189.548,103.111,189.548],"IndexInText":371,"OcrConfidence":1.0,"Text":"RO38","VisualLineNumber":11},{"Box":[179.489,122.459,17.234,10.059],"Polygon":[122.459,179.489,139.693,179.489,139.693,189.548,122.459,189.548],"IndexInText":376,"OcrConfidence":1.0,"Text":"BRDE","VisualLineNumber":11},{"Box":[179.489,141.618,15.61,10.059],"Polygon":[141.618,179.489,157.228,179.489,157.228,189.548,141.618,189.548],"IndexInText":381,"OcrConfidence":1.0,"Text":"450S","VisualLineNumber":11},{"Box":[179.489,159.153,16.149,10.059],"Polygon":[159.153,179.489,175.302,179.489,175.302,189.548,159.153,189.548],"IndexInText":386,"OcrConfidence":1.0,"Text":"V883","VisualLineNumber":11},{"Box":[179.489,177.227,15.428,10.059],"Polygon":[177.227,179.489,192.655,179.489,192.655,189.548,177.227,189.548],"IndexInText":391,"OcrConfidence":1.0,"Text":"7600","VisualLineNumber":11},{"Box":[179.489,194.58,15.687,10.059],"Polygon":[194.58,179.489,210.267,179.489,210.267,189.548,194.58,189.548],"IndexInText":396,"OcrConfidence":1.0,"Text":"4500","VisualLineNumber":11}]}]},{"IndexInText":402,"Language":"ron","Length":53,"Rotation":"None","SkewAngle":0.0,"Type":"Paragraph","WordGroups":[{"IndexInText":402,"Length":53,"Type":"Other","Words":[{"Box":[188.547,68.111,22.155,9.233],"Polygon":[68.111,188.547,90.266,188.547,90.266,197.78,68.111,197.78],"IndexInText":402,"OcrConfidence":1.0,"Text":"Sediul:","VisualLineNumber":12},{"Box":[188.239,103.111,10.731,10.059],"Polygon":[103.111,188.239,113.842,188.239,113.842,198.298,103.111,198.298],"IndexInText":410,"OcrConfidence":1.0,"Text":"148","VisualLineNumber":12},{"Box":[188.239,115.767,23.387,10.059],"Polygon":[115.767,188.239,139.154,188.239,139.154,198.298,115.767,198.298],"IndexInText":414,"OcrConfidence":1.0,"Text":"Virtutii,","VisualLineNumber":12},{"Box":[188.239,141.079,13.097,10.059],"Polygon":[141.079,188.239,154.176,188.239,154.176,198.298,141.079,198.298],"IndexInText":424,"OcrConfidence":1.0,"Text":"E47,","VisualLineNumber":12},{"Box":[188.239,156.101,20.111,10.059],"Polygon":[156.101,188.239,176.212,188.239,176.212,198.298,156.101,198.298],"IndexInText":429,"OcrConfidence":1.0,"Text":"Sector","VisualLineNumber":12},{"Box":[188.239,178.137,5.593,10.059],"Polygon":[178.137,188.239,183.73,188.239,183.73,198.298,178.137,198.298],"IndexInText":436,"OcrConfidence":1.0,"Text":"6,","VisualLineNumber":12},{"Box":[188.239,185.655,29.358,10.059],"Polygon":[185.655,188.239,215.013,188.239,215.013,198.298,185.655,198.298],"IndexInText":439,"OcrConfidence":1.0,"Text":"Bucuresti","VisualLineNumber":12},{"Box":[188.239,216.938,23.065,10.059],"Polygon":[216.938,188.239,240.003,188.239,240.003,198.298,216.938,198.298],"IndexInText":449,"OcrConfidence":1.0,"Text":"060787","VisualLineNumber":12}]}]},{"IndexInText":457,"Language":"fra","Length":44,"Rotation":"None","SkewAngle":0.0,"Type":"Paragraph","WordGroups":[{"IndexInText":457,"Length":44,"Type":"Other","Words":[{"Box":[197.297,68.111,11.774,9.233],"Polygon":[68.111,197.297,79.885,197.297,79.885,206.53,68.111,206.53],"IndexInText":457,"OcrConfidence":1.0,"Text":"Tel:","VisualLineNumber":13},{"Box":[196.989,86.885,12.775,10.059],"Polygon":[86.885,196.989,99.66,196.989,99.66,207.048,86.885,207.048],"IndexInText":462,"OcrConfidence":1.0,"Text":"+40","VisualLineNumber":13},{"Box":[196.989,101.585,6.699,10.059],"Polygon":[101.585,196.989,108.284,196.989,108.284,207.048,101.585,207.048],"IndexInText":466,"OcrConfidence":1.0,"Text":"21","VisualLineNumber":13},{"Box":[196.989,110.209,11.655,10.059],"Polygon":[110.209,196.989,121.864,196.989,121.864,207.048,110.209,207.048],"IndexInText":469,"OcrConfidence":1.0,"Text":"200","VisualLineNumber":13},{"Box":[196.989,123.789,7.77,10.059],"Polygon":[123.789,196.989,131.559,196.989,131.559,207.048,123.789,207.048],"IndexInText":473,"OcrConfidence":1.0,"Text":"52","VisualLineNumber":13},{"Box":[196.989,133.484,9.457,10.059],"Polygon":[133.484,196.989,142.941,196.989,142.941,207.048,133.484,207.048],"IndexInText":476,"OcrConfidence":1.0,"Text":"00,","VisualLineNumber":13},{"Box":[196.989,144.866,11.263,10.059],"Polygon":[144.866,196.989,156.129,196.989,156.129,207.048,144.866,207.048],"IndexInText":480,"OcrConfidence":1.0,"Text":"fax:","VisualLineNumber":13},{"Box":[196.989,158.054,12.775,10.059],"Polygon":[158.054,196.989,170.829,196.989,170.829,207.048,158.054,207.048],"IndexInText":485,"OcrConfidence":1.0,"Text":"+40","VisualLineNumber":13},{"Box":[196.989,172.754,6.699,10.059],"Polygon":[172.754,196.989,179.453,196.989,179.453,207.048,172.754,207.048],"IndexInText":489,"OcrConfidence":1.0,"Text":"21","VisualLineNumber":13},{"Box":[196.989,181.378,11.655,10.059],"Polygon":[181.378,196.989,193.033,196.989,193.033,207.048,181.378,207.048],"IndexInText":492,"OcrConfidence":1.0,"Text":"200","VisualLineNumber":13},{"Box":[196.989,194.958,7.77,10.059],"Polygon":[194.958,196.989,202.728,196.989,202.728,207.048,194.958,207.048],"IndexInText":496,"OcrConfidence":1.0,"Text":"52","VisualLineNumber":13},{"Box":[196.989,204.653,7.77,10.059],"Polygon":[204.653,196.989,212.423,196.989,212.423,207.048,204.653,207.048],"IndexInText":499,"OcrConfidence":1.0,"Text":"25","VisualLineNumber":13}]}]},{"IndexInText":503,"Language":"bul","Length":15,"Rotation":"None","SkewAngle":0.0,"Type":"Paragraph","WordGroups":[{"IndexInText":503,"Length":15,"Type":"Other","Words":[{"Box":[80.077,430.0,4.025,9.233],"Polygon":[430.0,80.077,434.025,80.077,434.025,89.31,430.0,89.31],"IndexInText":503,"OcrConfidence":1.0,"Text":"9","VisualLineNumber":2},{"Box":[80.077,443.4821,4.025,9.233],"Polygon":[443.4821,80.077,447.5071,80.077,447.5071,89.31,443.4821,89.31],"IndexInText":505,"OcrConfidence":1.0,"Text":"5","VisualLineNumber":2},{"Box":[80.077,456.9643,4.025,9.233],"Polygon":[456.9643,80.077,460.9893,80.077,460.9893,89.31,456.9643,89.31],"IndexInText":507,"OcrConfidence":1.0,"Text":"8","VisualLineNumber":2},{"Box":[80.077,470.4464,4.025,9.233],"Polygon":[470.4464,80.077,474.4714,80.077,474.4714,89.31,470.4464,89.31],"IndexInText":509,"OcrConfidence":1.0,"Text":"6","VisualLineNumber":2},{"Box":[80.077,483.9286,4.025,9.233],"Polygon":[483.9286,80.077,487.9536,80.077,487.9536,89.31,483.9286,89.31],"IndexInText":511,"OcrConfidence":1.0,"Text":"7","VisualLineNumber":2},{"Box":[80.077,497.4107,4.025,9.233],"Polygon":[497.4107,80.077,501.4357,80.077,501.4357,89.31,497.4107,89.31],"IndexInText":513,"OcrConfidence":1.0,"Text":"9","VisualLineNumber":2},{"Box":[80.077,510.8929,4.025,9.233],"Polygon":[510.8929,80.077,514.9179,80.077,514.9179,89.31,510.8929,89.31],"IndexInText":515,"OcrConfidence":1.0,"Text":"9","VisualLineNumber":2},{"Box":[80.077,524.375,4.025,9.233],"Polygon":[524.375,80.077,528.4,80.077,528.4,89.31,524.375,89.31],"IndexInText":517,"OcrConfidence":1.0,"Text":"9","VisualLineNumber":2}]}]},{"IndexInText":520,"Language":"ron","Length":51,"Rotation":"None","SkewAngle":0.0,"Type":"Paragraph","WordGroups":[{"IndexInText":520,"Length":51,"Type":"Heading","Words":[{"Box":[109.797,313.111,75.502,9.233],"Polygon":[313.111,109.797,388.613,109.797,388.613,119.03,313.111,119.03],"IndexInText":520,"OcrConfidence":1.0,"Text":"Cumparator(denumire,","VisualLineNumber":3},{"Box":[109.797,390.545,19.922,9.233],"Polygon":[390.545,109.797,410.467,109.797,410.467,119.03,390.545,119.03],"IndexInText":541,"OcrConfidence":1.0,"Text":"forma","VisualLineNumber":3},{"Box":[109.797,412.399,27.027,9.233],"Polygon":[412.399,109.797,439.426,109.797,439.426,119.03,412.399,119.03],"IndexInText":547,"OcrConfidence":1.0,"Text":"juridica)","VisualLineNumber":3},{"Box":[118.547,313.111,23.142,9.233],"Polygon":[313.111,118.547,336.253,118.547,336.253,127.78,313.111,127.78],"IndexInText":557,"OcrConfidence":1.0,"Text":"Ielcean","VisualLineNumber":4},{"Box":[118.547,338.185,25.284,9.233],"Polygon":[338.185,118.547,363.469,118.547,363.469,127.78,338.185,127.78],"IndexInText":565,"OcrConfidence":1.0,"Text":"bogdan","VisualLineNumber":4}]}]},{"IndexInText":573,"Language":"ron","Length":71,"Rotation":"None","SkewAngle":0.0,"Type":"Paragraph","WordGroups":[{"IndexInText":573,"Length":71,"Type":"Other","Words":[{"Box":[144.797,313.111,20.258,9.233],"Polygon":[313.111,144.797,333.369,144.797,333.369,154.03,313.111,154.03],"IndexInText":573,"OcrConfidence":1.0,"Text":"Sediul","VisualLineNumber":7},{"Box":[144.489,348.111,19.663,10.059],"Polygon":[348.111,144.489,367.774,144.489,367.774,154.548,348.111,154.548],"IndexInText":580,"OcrConfidence":1.0,"Text":"strada","VisualLineNumber":7},{"Box":[144.489,369.699,21.546,10.059],"Polygon":[369.699,144.489,391.245,144.489,391.245,154.548,369.699,154.548],"IndexInText":587,"OcrConfidence":1.0,"Text":"Mircea","VisualLineNumber":7},{"Box":[144.489,393.17,18.872,10.059],"Polygon":[393.17,144.489,412.042,144.489,412.042,154.548,393.17,154.548],"IndexInText":594,"OcrConfidence":1.0,"Text":"Eliade","VisualLineNumber":7},{"Box":[144.489,413.967,17.962,10.059],"Polygon":[413.967,144.489,431.929,144.489,431.929,154.548,413.967,154.548],"IndexInText":601,"OcrConfidence":1.0,"Text":"nr.45,","VisualLineNumber":7},{"Box":[144.489,433.854,13.517,10.059],"Polygon":[433.854,144.489,447.371,144.489,447.371,154.548,433.854,154.548],"IndexInText":608,"OcrConfidence":1.0,"Text":"bloc","VisualLineNumber":7},{"Box":[144.489,449.296,6.384,10.059],"Polygon":[449.296,144.489,455.68,144.489,455.68,154.548,449.296,154.548],"IndexInText":613,"OcrConfidence":1.0,"Text":"A,","VisualLineNumber":7},{"Box":[144.489,457.605,36.827,10.059],"Polygon":[457.605,144.489,494.432,144.489,494.432,154.548,457.605,154.548],"IndexInText":616,"OcrConfidence":1.0,"Text":"apartament","VisualLineNumber":7},{"Box":[144.489,496.357,3.885,10.059],"Polygon":[496.357,144.489,500.242,144.489,500.242,154.548,496.357,154.548],"IndexInText":627,"OcrConfidence":1.0,"Text":"8","VisualLineNumber":7},{"Box":[144.489,502.167,39.263,10.059],"Polygon":[502.167,144.489,541.43,144.489,541.43,154.548,502.167,154.548],"IndexInText":629,"OcrConfidence":1.0,"Text":"Cluj-Napoca","VisualLineNumber":7},{"Box":[153.239,348.111,2.814,10.059],"Polygon":[348.111,153.239,350.925,153.239,350.925,163.298,348.111,163.298],"IndexInText":641,"OcrConfidence":1.0,"Text":"-","VisualLineNumber":8},{"Box":[161.989,348.111,2.814,10.059],"Polygon":[348.111,161.989,350.925,161.989,350.925,172.048,348.111,172.048],"IndexInText":643,"OcrConfidence":1.0,"Text":"-","VisualLineNumber":9}]}]},{"IndexInText":646,"Language":"ron","Length":12,"Rotation":"None","SkewAngle":0.0,"Type":"Paragraph","WordGroups":[{"IndexInText":646,"Length":12,"Type":"Heading","Words":[{"Box":[171.047,313.111,24.416,9.233],"Polygon":[313.111,171.047,337.527,171.047,337.527,180.28,313.111,180.28],"IndexInText":646,"OcrConfidence":1.0,"Text":"Judetul","VisualLineNumber":10},{"Box":[170.739,348.111,12.082,10.059],"Polygon":[348.111,170.739,360.193,170.739,360.193,180.798,348.111,180.798],"IndexInText":654,"OcrConfidence":1.0,"Text":"Cluj","VisualLineNumber":10}]}]},{"IndexInText":660,"Language":"ron","Length":8,"Rotation":"None","SkewAngle":0.0,"Type":"Paragraph","WordGroups":[{"IndexInText":660,"Length":8,"Type":"Heading","Words":[{"Box":[179.797,313.111,21.826,9.233],"Polygon":[313.111,179.797,334.937,179.797,334.937,189.03,313.111,189.03],"IndexInText":660,"OcrConfidence":1.0,"Text":"Contul","VisualLineNumber":11},{"Box":[179.489,348.111,2.814,10.059],"Polygon":[348.111,179.489,350.925,179.489,350.925,189.548,348.111,189.548],"IndexInText":667,"OcrConfidence":1.0,"Text":"-","VisualLineNumber":11}]}]},{"IndexInText":670,"Language":"zlm","Length":7,"Rotation":"None","SkewAngle":0.0,"Type":"Paragraph","WordGroups":[{"IndexInText":670,"Length":7,"Type":"Heading","Words":[{"Box":[188.547,313.111,19.614,9.233],"Polygon":[313.111,188.547,332.725,188.547,332.725,197.78,313.111,197.78],"IndexInText":670,"OcrConfidence":1.0,"Text":"Banca","VisualLineNumber":12},{"Box":[188.239,348.111,2.814,10.059],"Polygon":[348.111,188.239,350.925,188.239,350.925,198.298,348.111,198.298],"IndexInText":676,"OcrConfidence":1.0,"Text":"-","VisualLineNumber":12}]}]},{"IndexInText":679,"Language":"ron","Length":93,"Rotation":"None","SkewAngle":0.0,"Type":"Paragraph","WordGroups":[{"IndexInText":679,"Length":93,"Type":"Other","Words":[{"Box":[233.343,37.1809,12.402,12.933],"Polygon":[37.1809,233.343,49.5829,233.343,49.5829,246.276,37.1809,246.276],"IndexInText":679,"OcrConfidence":1.0,"Text":"Nr.","VisualLineNumber":14},{"Box":[233.343,72.1011,44.856,12.933],"Polygon":[72.1011,233.343,116.9571,233.343,116.9571,246.276,72.1011,246.276],"IndexInText":683,"OcrConfidence":1.0,"Text":"Denumirea","VisualLineNumber":14},{"Box":[233.343,119.4321,44.514,12.933],"Polygon":[119.4321,233.343,163.9461,233.343,163.9461,246.276,119.4321,246.276],"IndexInText":693,"OcrConfidence":1.0,"Text":"produselor","VisualLineNumber":14},{"Box":[233.343,166.4211,13.824,12.933],"Polygon":[166.4211,233.343,180.2451,233.343,180.2451,246.276,166.4211,246.276],"IndexInText":704,"OcrConfidence":1.0,"Text":"sau","VisualLineNumber":14},{"Box":[233.343,182.7201,4.698,12.933],"Polygon":[182.7201,233.343,187.4181,233.343,187.4181,246.276,182.7201,246.276],"IndexInText":708,"OcrConfidence":1.0,"Text":"a","VisualLineNumber":14},{"Box":[233.343,189.8931,38.88,12.933],"Polygon":[189.8931,233.343,228.7731,233.343,228.7731,246.276,189.8931,246.276],"IndexInText":710,"OcrConfidence":1.0,"Text":"serviciilor","VisualLineNumber":14},{"Box":[233.343,248.0018,18.981,12.933],"Polygon":[248.0018,233.343,266.9828,233.343,266.9828,246.276,248.0018,246.276],"IndexInText":722,"OcrConfidence":1.0,"Text":"U.M.","VisualLineNumber":14},{"Box":[233.343,276.7355,41.805,12.933],"Polygon":[276.7355,233.343,318.5405,233.343,318.5405,246.276,276.7355,246.276],"IndexInText":727,"OcrConfidence":1.0,"Text":"Cantitatea","VisualLineNumber":14},{"Box":[233.343,332.2375,16.614,12.933],"Polygon":[332.2375,233.343,348.8515,233.343,348.8515,246.276,332.2375,246.276],"IndexInText":738,"OcrConfidence":1.0,"Text":"Pret","VisualLineNumber":14},{"Box":[233.343,351.3265,24.12,12.933],"Polygon":[351.3265,233.343,375.4465,233.343,375.4465,246.276,351.3265,246.276],"IndexInText":743,"OcrConfidence":1.0,"Text":"unitar","VisualLineNumber":14},{"Box":[233.343,392.5623,18.909,12.933],"Polygon":[392.5623,233.343,411.4713,233.343,411.4713,246.276,392.5623,246.276],"IndexInText":750,"OcrConfidence":1.0,"Text":"Cota","VisualLineNumber":14},{"Box":[233.343,432.3402,35.703,12.933],"Polygon":[432.3402,233.343,468.0432,233.343,468.0432,246.276,432.3402,246.276],"IndexInText":755,"OcrConfidence":1.0,"Text":"Valoarea","VisualLineNumber":14},{"Box":[233.343,504.6024,35.703,12.933],"Polygon":[504.6024,233.343,540.3054,233.343,540.3054,246.276,504.6024,246.276],"IndexInText":764,"OcrConfidence":1.0,"Text":"Valoarea","VisualLineNumber":14}]}]},{"IndexInText":774,"Language":"eng","Length":4,"Rotation":"None","SkewAngle":0.0,"Type":"Paragraph","WordGroups":[{"IndexInText":774,"Length":4,"Type":"Other","Words":[{"Box":[244.593,36.8929,12.978,12.933],"Polygon":[36.8929,244.593,49.8709,244.593,49.8709,257.526,36.8929,257.526],"IndexInText":774,"OcrConfidence":1.0,"Text":"crt.","VisualLineNumber":15}]}]},{"IndexInText":780,"Language":"ron","Length":36,"Rotation":"None","SkewAngle":0.0,"Type":"Paragraph","WordGroups":[{"IndexInText":780,"Length":36,"Type":"Other","Words":[{"Box":[244.593,330.055,18.819,12.933],"Polygon":[330.055,244.593,348.874,244.593,348.874,257.526,330.055,257.526],"IndexInText":780,"OcrConfidence":1.0,"Text":"(fara","VisualLineNumber":15},{"Box":[244.593,351.349,26.28,12.933],"Polygon":[351.349,244.593,377.629,244.593,377.629,257.526,351.349,257.526],"IndexInText":786,"OcrConfidence":1.0,"Text":"T.V.A.)","VisualLineNumber":15},{"Box":[244.593,390.3708,23.292,12.933],"Polygon":[390.3708,244.593,413.6628,244.593,413.6628,257.526,390.3708,257.526],"IndexInText":794,"OcrConfidence":1.0,"Text":"T.V.A.","VisualLineNumber":15},{"Box":[244.593,441.8352,16.713,12.933],"Polygon":[441.8352,244.593,458.5482,244.593,458.5482,257.526,441.8352,257.526],"IndexInText":801,"OcrConfidence":1.0,"Text":"-lei-","VisualLineNumber":15},{"Box":[255.843,345.4855,16.713,12.933],"Polygon":[345.4855,255.843,362.1985,255.843,362.1985,268.776,345.4855,268.776],"IndexInText":807,"OcrConfidence":1.0,"Text":"-lei-","VisualLineNumber":16},{"Box":[255.843,394.6188,14.796,12.933],"Polygon":[394.6188,255.843,409.4148,255.843,409.4148,268.776,394.6188,268.776],"IndexInText":813,"OcrConfidence":1.0,"Text":"-%-","VisualLineNumber":16}]}]},{"IndexInText":818,"Language":"ron","Length":12,"Rotation":"None","SkewAngle":0.0,"Type":"Paragraph","WordGroups":[{"IndexInText":818,"Length":12,"Type":"Other","Words":[{"Box":[244.593,510.8079,23.292,12.933],"Polygon":[510.8079,244.593,534.0999,244.593,534.0999,257.526,510.8079,257.526],"IndexInText":818,"OcrConfidence":1.0,"Text":"T.V.A.","VisualLineNumber":15},{"Box":[255.843,514.0974,16.713,12.933],"Polygon":[514.0974,255.843,530.8104,255.843,530.8104,268.776,514.0974,268.776],"IndexInText":825,"OcrConfidence":1.0,"Text":"-lei-","VisualLineNumber":16}]}]},{"IndexInText":832,"Language":"zho","Length":25,"Rotation":"None","SkewAngle":0.0,"Type":"Paragraph","WordGroups":[{"IndexInText":832,"Length":25,"Type":"Other","Words":[{"Box":[267.093,40.8844,4.995,12.933],"Polygon":[40.8844,267.093,45.8794,267.093,45.8794,280.026,40.8844,280.026],"IndexInText":832,"OcrConfidence":1.0,"Text":"0","VisualLineNumber":17},{"Box":[267.093,148.6281,3.618,12.933],"Polygon":[148.6281,267.093,152.2461,267.093,152.2461,280.026,148.6281,280.026],"IndexInText":834,"OcrConfidence":1.0,"Text":"1","VisualLineNumber":17},{"Box":[267.093,254.9948,4.995,12.933],"Polygon":[254.9948,267.093,259.9898,267.093,259.9898,280.026,254.9948,280.026],"IndexInText":836,"OcrConfidence":1.0,"Text":"2","VisualLineNumber":17},{"Box":[267.093,295.1405,4.995,12.933],"Polygon":[295.1405,267.093,300.1355,267.093,300.1355,280.026,295.1405,280.026],"IndexInText":838,"OcrConfidence":1.0,"Text":"3","VisualLineNumber":17},{"Box":[267.093,351.25,5.184,12.933],"Polygon":[351.25,267.093,356.434,267.093,356.434,280.026,351.25,280.026],"IndexInText":840,"OcrConfidence":1.0,"Text":"4","VisualLineNumber":17},{"Box":[267.093,399.5193,4.995,12.933],"Polygon":[399.5193,267.093,404.5143,267.093,404.5143,280.026,399.5193,280.026],"IndexInText":842,"OcrConfidence":1.0,"Text":"5","VisualLineNumber":17},{"Box":[267.093,437.3487,25.686,12.933],"Polygon":[437.3487,267.093,463.0347,267.093,463.0347,280.026,437.3487,280.026],"IndexInText":844,"OcrConfidence":1.0,"Text":"6(3x4)","VisualLineNumber":17},{"Box":[267.093,509.7909,25.326,12.933],"Polygon":[509.7909,267.093,535.1169,267.093,535.1169,280.026,509.7909,280.026],"IndexInText":851,"OcrConfidence":1.0,"Text":"7(6x5)","VisualLineNumber":17}]}]},{"IndexInText":859,"Language":"deu","Length":1567,"Rotation":"None","SkewAngle":0.0,"Type":"Table","WordGroups":[{"IndexInText":859,"Length":44,"Type":"TableCell","Words":[{"Box":[289.916,40.3564,3.216,11.496],"Polygon":[40.3564,289.916,43.5724,289.916,43.5724,301.412,40.3564,301.412],"IndexInText":859,"OcrConfidence":1.0,"Text":"1","VisualLineNumber":18},{"Box":[289.916,59.5988,43.848,11.496],"Polygon":[59.5988,289.916,103.4468,289.916,103.4468,301.412,59.5988,301.412],"IndexInText":861,"OcrConfidence":1.0,"Text":"Lumberjack,","VisualLineNumber":18},{"Box":[289.916,105.6468,21.616,11.496],"Polygon":[105.6468,289.916,127.2628,289.916,127.2628,301.412,105.6468,301.412],"IndexInText":873,"OcrConfidence":1.0,"Text":"Ghete","VisualLineNumber":18},{"Box":[289.916,129.4628,27.832,11.496],"Polygon":[129.4628,289.916,157.2948,289.916,157.2948,301.412,129.4628,301.412],"IndexInText":879,"OcrConfidence":1.0,"Text":"Chelsea","VisualLineNumber":18},{"Box":[289.916,159.4948,11.576,11.496],"Polygon":[159.4948,289.916,171.0708,289.916,171.0708,301.412,159.4948,301.412],"IndexInText":887,"OcrConfidence":1.0,"Text":"din","VisualLineNumber":18},{"Box":[289.916,173.2708,17.496,11.496],"Polygon":[173.2708,289.916,190.7668,289.916,190.7668,301.412,173.2708,301.412],"IndexInText":891,"OcrConfidence":1.0,"Text":"piele","VisualLineNumber":18},{"Box":[289.916,192.9668,24.016,11.496],"Polygon":[192.9668,289.916,216.9828,289.916,216.9828,301.412,192.9668,301.412],"IndexInText":897,"OcrConfidence":1.0,"Text":"nabuc,","VisualLineNumber":18}]},{"IndexInText":915,"Length":3,"Type":"TableCell","Words":[{"Box":[289.916,249.4508,13.248,11.496],"Polygon":[249.4508,289.916,262.6988,289.916,262.6988,301.412,249.4508,301.412],"IndexInText":915,"OcrConfidence":1.0,"Text":"buc","VisualLineNumber":18}]},{"IndexInText":921,"Length":1,"Type":"TableCell","Words":[{"Box":[289.916,294.6125,3.216,11.496],"Polygon":[294.6125,289.916,297.8285,289.916,297.8285,301.412,294.6125,301.412],"IndexInText":921,"OcrConfidence":1.0,"Text":"1","VisualLineNumber":18}]},{"IndexInText":925,"Length":6,"Type":"TableCell","Words":[{"Box":[289.916,354.5162,23.096,11.496],"Polygon":[354.5162,289.916,377.6122,289.916,377.6122,301.412,354.5162,301.412],"IndexInText":925,"OcrConfidence":1.0,"Text":"462,18","VisualLineNumber":18}]},{"IndexInText":935,"Length":2,"Type":"TableCell","Words":[{"Box":[289.916,407.4015,7.68,11.496],"Polygon":[407.4015,289.916,415.0815,289.916,415.0815,301.412,407.4015,301.412],"IndexInText":935,"OcrConfidence":1.0,"Text":"19","VisualLineNumber":18}]},{"IndexInText":940,"Length":6,"Type":"TableCell","Words":[{"Box":[289.916,450.8658,23.096,11.496],"Polygon":[450.8658,289.916,473.9618,289.916,473.9618,301.412,450.8658,301.412],"IndexInText":940,"OcrConfidence":1.0,"Text":"462,18","VisualLineNumber":18}]},{"IndexInText":950,"Length":5,"Type":"TableRowEnd","Words":[{"Box":[289.916,541.294,18.312,11.496],"Polygon":[541.294,289.916,559.606,289.916,559.606,301.412,541.294,301.412],"IndexInText":950,"OcrConfidence":1.0,"Text":"87,81","VisualLineNumber":18}]},{"IndexInText":957,"Length":44,"Type":"TableCell","Words":[{"Box":[299.916,59.5988,25.576,11.496],"Polygon":[59.5988,299.916,85.1748,299.916,85.1748,311.412,59.5988,311.412],"IndexInText":957,"OcrConfidence":1.0,"Text":"Galben","VisualLineNumber":19},{"Box":[299.916,87.3748,24.712,11.496],"Polygon":[87.3748,299.916,112.0868,299.916,112.0868,311.412,87.3748,311.412],"IndexInText":964,"OcrConfidence":1.0,"Text":"sofran,","VisualLineNumber":19},{"Box":[299.916,114.2868,9.048,11.496],"Polygon":[114.2868,299.916,123.3348,299.916,123.3348,311.412,114.2868,311.412],"IndexInText":972,"OcrConfidence":1.0,"Text":"40","VisualLineNumber":19},{"Box":[299.916,125.5348,109.632,11.496],"Polygon":[125.5348,299.916,235.1668,299.916,235.1668,311.412,125.5348,311.412],"IndexInText":975,"OcrConfidence":1.0,"Text":"[SW50503-001-D01-CG001-40]","VisualLineNumber":19}]},{"IndexInText":1013,"Length":1,"Type":"TableCell","Words":[{"Box":[0.0,0.0,0.0,0.0],"IndexInText":1013,"OcrConfidence":1.0,"Text":" ","VisualLineNumber":-1}]},{"IndexInText":1019,"Length":1,"Type":"TableCell","Words":[{"Box":[0.0,0.0,0.0,0.0],"IndexInText":1019,"OcrConfidence":1.0,"Text":" ","VisualLineNumber":-1}]},{"IndexInText":1023,"Length":1,"Type":"TableCell","Words":[{"Box":[0.0,0.0,0.0,0.0],"IndexInText":1023,"OcrConfidence":1.0,"Text":" ","VisualLineNumber":-1}]},{"IndexInText":1033,"Length":1,"Type":"TableCell","Words":[{"Box":[0.0,0.0,0.0,0.0],"IndexInText":1033,"OcrConfidence":1.0,"Text":" ","VisualLineNumber":-1}]},{"IndexInText":1038,"Length":1,"Type":"TableCell","Words":[{"Box":[0.0,0.0,0.0,0.0],"IndexInText":1038,"OcrConfidence":1.0,"Text":" ","VisualLineNumber":-1}]},{"IndexInText":1048,"Length":1,"Type":"TableRowEnd","Words":[{"Box":[0.0,0.0,0.0,0.0],"IndexInText":1048,"OcrConfidence":1.0,"Text":" ","VisualLineNumber":-1}]},{"IndexInText":1055,"Length":53,"Type":"TableCell","Words":[{"Box":[329.916,39.7444,4.44,11.496],"Polygon":[39.7444,329.916,44.1844,329.916,44.1844,341.412,39.7444,341.412],"IndexInText":1055,"OcrConfidence":1.0,"Text":"2","VisualLineNumber":20},{"Box":[329.916,59.5988,11.488,11.496],"Polygon":[59.5988,329.916,71.0868,329.916,71.0868,341.412,59.5988,341.412],"IndexInText":1057,"OcrConfidence":1.0,"Text":"Set","VisualLineNumber":20},{"Box":[329.916,73.2868,20.536,11.496],"Polygon":[73.2868,329.916,93.8228,329.916,93.8228,341.412,73.2868,341.412],"IndexInText":1061,"OcrConfidence":1.0,"Text":"cutite","VisualLineNumber":20},{"Box":[329.916,96.0228,9.072,11.496],"Polygon":[96.0228,329.916,105.0948,329.916,105.0948,341.412,96.0228,341.412],"IndexInText":1068,"OcrConfidence":1.0,"Text":"de","VisualLineNumber":20},{"Box":[329.916,107.2948,33.784,11.496],"Polygon":[107.2948,329.916,141.0788,329.916,141.0788,341.412,107.2948,341.412],"IndexInText":1071,"OcrConfidence":1.0,"Text":"bucatarie","VisualLineNumber":20},{"Box":[329.916,143.2788,19.424,11.496],"Polygon":[143.2788,329.916,162.7028,329.916,162.7028,341.412,143.2788,341.412],"IndexInText":1081,"OcrConfidence":1.0,"Text":"Kring","VisualLineNumber":20},{"Box":[329.916,164.9028,30.696,11.496],"Polygon":[164.9028,329.916,195.5988,329.916,195.5988,341.412,164.9028,341.412],"IndexInText":1087,"OcrConfidence":1.0,"Text":"Pretoria,","VisualLineNumber":20},{"Box":[329.916,197.7988,4.288,11.496],"Polygon":[197.7988,329.916,202.0868,329.916,202.0868,341.412,197.7988,341.412],"IndexInText":1097,"OcrConfidence":1.0,"Text":"7","VisualLineNumber":20},{"Box":[329.916,204.2868,20.784,11.496],"Polygon":[204.2868,329.916,225.0708,329.916,225.0708,341.412,204.2868,341.412],"IndexInText":1099,"OcrConfidence":1.0,"Text":"piese,","VisualLineNumber":20},{"Box":[329.916,227.2708,6.752,11.496],"Polygon":[227.2708,329.916,234.0228,329.916,234.0228,341.412,227.2708,341.412],"IndexInText":1106,"OcrConfidence":1.0,"Text":"in","VisualLineNumber":20}]},{"IndexInText":1111,"Length":3,"Type":"TableCell","Words":[{"Box":[329.916,249.4508,13.248,11.496],"Polygon":[249.4508,329.916,262.6988,329.916,262.6988,341.412,249.4508,341.412],"IndexInText":1111,"OcrConfidence":1.0,"Text":"buc","VisualLineNumber":20}]},{"IndexInText":1117,"Length":1,"Type":"TableCell","Words":[{"Box":[329.916,294.6125,3.216,11.496],"Polygon":[294.6125,329.916,297.8285,329.916,297.8285,341.412,294.6125,341.412],"IndexInText":1117,"OcrConfidence":1.0,"Text":"1","VisualLineNumber":20}]},{"IndexInText":1121,"Length":6,"Type":"TableCell","Words":[{"Box":[329.916,354.5402,23.072,11.496],"Polygon":[354.5402,329.916,377.6122,329.916,377.6122,341.412,354.5402,341.412],"IndexInText":1121,"OcrConfidence":1.0,"Text":"142,85","VisualLineNumber":20}]},{"IndexInText":1131,"Length":2,"Type":"TableCell","Words":[{"Box":[329.916,407.4015,7.68,11.496],"Polygon":[407.4015,329.916,415.0815,329.916,415.0815,341.412,407.4015,341.412],"IndexInText":1131,"OcrConfidence":1.0,"Text":"19","VisualLineNumber":20}]},{"IndexInText":1136,"Length":6,"Type":"TableCell","Words":[{"Box":[329.916,450.8898,23.072,11.496],"Polygon":[450.8898,329.916,473.9618,329.916,473.9618,341.412,450.8898,341.412],"IndexInText":1136,"OcrConfidence":1.0,"Text":"142,85","VisualLineNumber":20}]},{"IndexInText":1146,"Length":5,"Type":"TableRowEnd","Words":[{"Box":[329.916,541.126,18.48,11.496],"Polygon":[541.126,329.916,559.606,329.916,559.606,341.412,541.126,341.412],"IndexInText":1146,"OcrConfidence":1.0,"Text":"27,14","VisualLineNumber":20}]},{"IndexInText":1153,"Length":33,"Type":"TableCell","Words":[{"Box":[339.916,59.5988,25.488,11.496],"Polygon":[59.5988,339.916,85.0868,339.916,85.0868,351.412,59.5988,351.412],"IndexInText":1153,"OcrConfidence":1.0,"Text":"suport,","VisualLineNumber":21},{"Box":[339.916,87.2868,15.536,11.496],"Polygon":[87.2868,339.916,102.8228,339.916,102.8228,351.412,87.2868,351.412],"IndexInText":1161,"OcrConfidence":1.0,"Text":"inox","VisualLineNumber":21},{"Box":[339.916,105.0228,35.624,11.496],"Polygon":[105.0228,339.916,140.6468,339.916,140.6468,351.412,105.0228,351.412],"IndexInText":1166,"OcrConfidence":1.0,"Text":"inoxidabil","VisualLineNumber":21},{"Box":[339.916,142.8468,41.112,11.496],"Polygon":[142.8468,339.916,183.9588,339.916,183.9588,351.412,142.8468,351.412],"IndexInText":1177,"OcrConfidence":1.0,"Text":"[EMAG282]","VisualLineNumber":21}]},{"IndexInText":1209,"Length":1,"Type":"TableCell","Words":[{"Box":[0.0,0.0,0.0,0.0],"IndexInText":1209,"OcrConfidence":1.0,"Text":" ","VisualLineNumber":-1}]},{"IndexInText":1215,"Length":1,"Type":"TableCell","Words":[{"Box":[0.0,0.0,0.0,0.0],"IndexInText":1215,"OcrConfidence":1.0,"Text":" ","VisualLineNumber":-1}]},{"IndexInText":1219,"Length":1,"Type":"TableCell","Words":[{"Box":[0.0,0.0,0.0,0.0],"IndexInText":1219,"OcrConfidence":1.0,"Text":" ","VisualLineNumber":-1}]},{"IndexInText":1229,"Length":1,"Type":"TableCell","Words":[{"Box":[0.0,0.0,0.0,0.0],"IndexInText":1229,"OcrConfidence":1.0,"Text":" ","VisualLineNumber":-1}]},{"IndexInText":1234,"Length":1,"Type":"TableCell","Words":[{"Box":[0.0,0.0,0.0,0.0],"IndexInText":1234,"OcrConfidence":1.0,"Text":" ","VisualLineNumber":-1}]},{"IndexInText":1244,"Length":1,"Type":"TableRowEnd","Words":[{"Box":[0.0,0.0,0.0,0.0],"IndexInText":1244,"OcrConfidence":1.0,"Text":" ","VisualLineNumber":-1}]},{"IndexInText":1251,"Length":44,"Type":"TableCell","Words":[{"Box":[369.916,39.7444,4.44,11.496],"Polygon":[39.7444,369.916,44.1844,369.916,44.1844,381.412,39.7444,381.412],"IndexInText":1251,"OcrConfidence":1.0,"Text":"3","VisualLineNumber":22},{"Box":[369.916,59.5988,17.352,11.496],"Polygon":[59.5988,369.916,76.9508,369.916,76.9508,381.412,59.5988,381.412],"IndexInText":1253,"OcrConfidence":1.0,"Text":"HDD","VisualLineNumber":22},{"Box":[369.916,79.1508,13.464,11.496],"Polygon":[79.1508,369.916,92.6148,369.916,92.6148,381.412,79.1508,381.412],"IndexInText":1257,"OcrConfidence":1.0,"Text":"WD","VisualLineNumber":22},{"Box":[369.916,94.8148,15.832,11.496],"Polygon":[94.8148,369.916,110.6468,369.916,110.6468,381.412,94.8148,381.412],"IndexInText":1260,"OcrConfidence":1.0,"Text":"Blue","VisualLineNumber":22},{"Box":[369.916,112.8468,14.392,11.496],"Polygon":[112.8468,369.916,127.2388,369.916,127.2388,381.412,112.8468,381.412],"IndexInText":1265,"OcrConfidence":1.0,"Text":"1TB,","VisualLineNumber":22},{"Box":[369.916,129.4388,34.408,11.496],"Polygon":[129.4388,369.916,163.8468,369.916,163.8468,381.412,129.4388,381.412],"IndexInText":1270,"OcrConfidence":1.0,"Text":"7200rpm,","VisualLineNumber":22},{"Box":[369.916,166.0468,21.296,11.496],"Polygon":[166.0468,369.916,187.3428,369.916,187.3428,381.412,166.0468,381.412],"IndexInText":1279,"OcrConfidence":1.0,"Text":"64MB","VisualLineNumber":22},{"Box":[369.916,189.5428,22.528,11.496],"Polygon":[189.5428,369.916,212.0708,369.916,212.0708,381.412,189.5428,381.412],"IndexInText":1284,"OcrConfidence":1.0,"Text":"cache,","VisualLineNumber":22},{"Box":[369.916,214.2708,19.504,11.496],"Polygon":[214.2708,369.916,233.7748,369.916,233.7748,381.412,214.2708,381.412],"IndexInText":1291,"OcrConfidence":1.0,"Text":"SATA","VisualLineNumber":22}]},{"IndexInText":1307,"Length":3,"Type":"TableCell","Words":[{"Box":[369.916,249.4508,13.248,11.496],"Polygon":[249.4508,369.916,262.6988,369.916,262.6988,381.412,249.4508,381.412],"IndexInText":1307,"OcrConfidence":1.0,"Text":"buc","VisualLineNumber":22}]},{"IndexInText":1313,"Length":1,"Type":"TableCell","Words":[{"Box":[369.916,294.6125,3.216,11.496],"Polygon":[294.6125,369.916,297.8285,369.916,297.8285,381.412,294.6125,381.412],"IndexInText":1313,"OcrConfidence":1.0,"Text":"1","VisualLineNumber":22}]},{"IndexInText":1317,"Length":6,"Type":"TableCell","Words":[{"Box":[369.916,354.6922,22.92,11.496],"Polygon":[354.6922,369.916,377.6122,369.916,377.6122,381.412,354.6922,381.412],"IndexInText":1317,"OcrConfidence":1.0,"Text":"184,87","VisualLineNumber":22}]},{"IndexInText":1327,"Length":2,"Type":"TableCell","Words":[{"Box":[369.916,407.4015,7.68,11.496],"Polygon":[407.4015,369.916,415.0815,369.916,415.0815,381.412,407.4015,381.412],"IndexInText":1327,"OcrConfidence":1.0,"Text":"19","VisualLineNumber":22}]},{"IndexInText":1332,"Length":6,"Type":"TableCell","Words":[{"Box":[369.916,451.0418,22.92,11.496],"Polygon":[451.0418,369.916,473.9618,369.916,473.9618,381.412,451.0418,381.412],"IndexInText":1332,"OcrConfidence":1.0,"Text":"184,87","VisualLineNumber":22}]},{"IndexInText":1342,"Length":5,"Type":"TableRowEnd","Words":[{"Box":[369.916,541.142,18.464,11.496],"Polygon":[541.142,369.916,559.606,369.916,559.606,381.412,541.142,381.412],"IndexInText":1342,"OcrConfidence":1.0,"Text":"35,12","VisualLineNumber":22}]},{"IndexInText":1349,"Length":14,"Type":"TableCell","Words":[{"Box":[379.916,59.5988,7.008,11.496],"Polygon":[59.5988,379.916,66.6068,379.916,66.6068,391.412,59.5988,391.412],"IndexInText":1349,"OcrConfidence":1.0,"Text":"III","VisualLineNumber":23},{"Box":[379.916,68.8068,44.368,11.496],"Polygon":[68.8068,379.916,113.1748,379.916,113.1748,391.412,68.8068,391.412],"IndexInText":1353,"OcrConfidence":1.0,"Text":"[WD10EZEX]","VisualLineNumber":23}]},{"IndexInText":1405,"Length":1,"Type":"TableCell","Words":[{"Box":[0.0,0.0,0.0,0.0],"IndexInText":1405,"OcrConfidence":1.0,"Text":" ","VisualLineNumber":-1}]},{"IndexInText":1411,"Length":1,"Type":"TableCell","Words":[{"Box":[0.0,0.0,0.0,0.0],"IndexInText":1411,"OcrConfidence":1.0,"Text":" ","VisualLineNumber":-1}]},{"IndexInText":1415,"Length":1,"Type":"TableCell","Words":[{"Box":[0.0,0.0,0.0,0.0],"IndexInText":1415,"OcrConfidence":1.0,"Text":" ","VisualLineNumber":-1}]},{"IndexInText":1425,"Length":1,"Type":"TableCell","Words":[{"Box":[0.0,0.0,0.0,0.0],"IndexInText":1425,"OcrConfidence":1.0,"Text":" ","VisualLineNumber":-1}]},{"IndexInText":1430,"Length":1,"Type":"TableCell","Words":[{"Box":[0.0,0.0,0.0,0.0],"IndexInText":1430,"OcrConfidence":1.0,"Text":" ","VisualLineNumber":-1}]},{"IndexInText":1440,"Length":1,"Type":"TableRowEnd","Words":[{"Box":[0.0,0.0,0.0,0.0],"IndexInText":1440,"OcrConfidence":1.0,"Text":" ","VisualLineNumber":-1}]},{"IndexInText":1447,"Length":30,"Type":"TableCell","Words":[{"Box":[409.916,39.6604,4.608,11.496],"Polygon":[39.6604,409.916,44.2684,409.916,44.2684,421.412,39.6604,421.412],"IndexInText":1447,"OcrConfidence":1.0,"Text":"4","VisualLineNumber":24},{"Box":[409.916,59.5988,16.08,11.496],"Polygon":[59.5988,409.916,75.6788,409.916,75.6788,421.412,59.5988,421.412],"IndexInText":1449,"OcrConfidence":1.0,"Text":"Cost","VisualLineNumber":24},{"Box":[409.916,77.8788,33.584,11.496],"Polygon":[77.8788,409.916,111.4628,409.916,111.4628,421.412,77.8788,421.412],"IndexInText":1454,"OcrConfidence":1.0,"Text":"transport","VisualLineNumber":24},{"Box":[409.916,113.6628,60.056,11.496],"Polygon":[113.6628,409.916,173.7188,409.916,173.7188,421.412,113.6628,421.412],"IndexInText":1464,"OcrConfidence":1.0,"Text":"[TXTRANSPORT]","VisualLineNumber":24}]},{"IndexInText":1503,"Length":3,"Type":"TableCell","Words":[{"Box":[409.916,249.4508,13.248,11.496],"Polygon":[249.4508,409.916,262.6988,409.916,262.6988,421.412,249.4508,421.412],"IndexInText":1503,"OcrConfidence":1.0,"Text":"buc","VisualLineNumber":24}]},{"IndexInText":1509,"Length":1,"Type":"TableCell","Words":[{"Box":[409.916,294.6125,3.216,11.496],"Polygon":[294.6125,409.916,297.8285,409.916,297.8285,421.412,294.6125,421.412],"IndexInText":1509,"OcrConfidence":1.0,"Text":"1","VisualLineNumber":24}]},{"IndexInText":1513,"Length":4,"Type":"TableCell","Words":[{"Box":[409.916,362.3162,15.296,11.496],"Polygon":[362.3162,409.916,377.6122,409.916,377.6122,421.412,362.3162,421.412],"IndexInText":1513,"OcrConfidence":1.0,"Text":"6,29","VisualLineNumber":24}]},{"IndexInText":1523,"Length":2,"Type":"TableCell","Words":[{"Box":[409.916,407.4015,7.68,11.496],"Polygon":[407.4015,409.916,415.0815,409.916,415.0815,421.412,407.4015,421.412],"IndexInText":1523,"OcrConfidence":1.0,"Text":"19","VisualLineNumber":24}]},{"IndexInText":1528,"Length":4,"Type":"TableCell","Words":[{"Box":[409.916,458.6658,15.296,11.496],"Polygon":[458.6658,409.916,473.9618,409.916,473.9618,421.412,458.6658,421.412],"IndexInText":1528,"OcrConfidence":1.0,"Text":"6,29","VisualLineNumber":24}]},{"IndexInText":1538,"Length":4,"Type":"TableRowEnd","Words":[{"Box":[409.916,545.582,14.024,11.496],"Polygon":[545.582,409.916,559.606,409.916,559.606,421.412,545.582,421.412],"IndexInText":1538,"OcrConfidence":1.0,"Text":"1,20","VisualLineNumber":24}]},{"IndexInText":1545,"Length":28,"Type":"TableCell","Words":[{"Box":[439.916,39.7444,4.44,11.496],"Polygon":[39.7444,439.916,44.1844,439.916,44.1844,451.412,39.7444,451.412],"IndexInText":1545,"OcrConfidence":1.0,"Text":"5","VisualLineNumber":25},{"Box":[439.916,59.5988,32.024,11.496],"Polygon":[59.5988,439.916,91.6228,439.916,91.6228,451.412,59.5988,451.412],"IndexInText":1547,"OcrConfidence":1.0,"Text":"Discount","VisualLineNumber":25},{"Box":[439.916,93.8228,30.784,11.496],"Polygon":[93.8228,439.916,124.6068,439.916,124.6068,451.412,93.8228,451.412],"IndexInText":1556,"OcrConfidence":1.0,"Text":"conform","VisualLineNumber":25},{"Box":[439.916,126.8068,35.576,11.496],"Polygon":[126.8068,439.916,162.3828,439.916,162.3828,451.412,126.8068,451.412],"IndexInText":1564,"OcrConfidence":1.0,"Text":"promotie:","VisualLineNumber":25}]},{"IndexInText":1601,"Length":3,"Type":"TableCell","Words":[{"Box":[439.916,249.4508,13.248,11.496],"Polygon":[249.4508,439.916,262.6988,439.916,262.6988,451.412,249.4508,451.412],"IndexInText":1601,"OcrConfidence":1.0,"Text":"buc","VisualLineNumber":25}]},{"IndexInText":1607,"Length":1,"Type":"TableCell","Words":[{"Box":[439.916,294.6125,3.216,11.496],"Polygon":[294.6125,439.916,297.8285,439.916,297.8285,451.412,294.6125,451.412],"IndexInText":1607,"OcrConfidence":1.0,"Text":"1","VisualLineNumber":25}]},{"IndexInText":1611,"Length":7,"Type":"TableCell","Words":[{"Box":[439.916,351.3002,26.312,11.496],"Polygon":[351.3002,439.916,377.6122,439.916,377.6122,451.412,351.3002,451.412],"IndexInText":1611,"OcrConfidence":1.0,"Text":"-294,12","VisualLineNumber":25}]},{"IndexInText":1621,"Length":2,"Type":"TableCell","Words":[{"Box":[439.916,407.4015,7.68,11.496],"Polygon":[407.4015,439.916,415.0815,439.916,415.0815,451.412,407.4015,451.412],"IndexInText":1621,"OcrConfidence":1.0,"Text":"19","VisualLineNumber":25}]},{"IndexInText":1626,"Length":7,"Type":"TableCell","Words":[{"Box":[439.916,447.6498,26.312,11.496],"Polygon":[447.6498,439.916,473.9618,439.916,473.9618,451.412,447.6498,451.412],"IndexInText":1626,"OcrConfidence":1.0,"Text":"-294,12","VisualLineNumber":25}]},{"IndexInText":1636,"Length":6,"Type":"TableRowEnd","Words":[{"Box":[439.916,536.702,22.904,11.496],"Polygon":[536.702,439.916,559.606,439.916,559.606,451.412,536.702,451.412],"IndexInText":1636,"OcrConfidence":1.0,"Text":"-55,88","VisualLineNumber":25}]},{"IndexInText":1643,"Length":24,"Type":"TableCell","Words":[{"Box":[449.916,59.5988,104.32,11.496],"Polygon":[59.5988,449.916,163.9188,449.916,163.9188,461.412,59.5988,461.412],"IndexInText":1643,"OcrConfidence":1.0,"Text":"SW50503-001-D01-CG001-40","VisualLineNumber":26}]},{"IndexInText":1699,"Length":1,"Type":"TableCell","Words":[{"Box":[0.0,0.0,0.0,0.0],"IndexInText":1699,"OcrConfidence":1.0,"Text":" ","VisualLineNumber":-1}]},{"IndexInText":1705,"Length":1,"Type":"TableCell","Words":[{"Box":[0.0,0.0,0.0,0.0],"IndexInText":1705,"OcrConfidence":1.0,"Text":" ","VisualLineNumber":-1}]},{"IndexInText":1709,"Length":1,"Type":"TableCell","Words":[{"Box":[0.0,0.0,0.0,0.0],"IndexInText":1709,"OcrConfidence":1.0,"Text":" ","VisualLineNumber":-1}]},{"IndexInText":1719,"Length":1,"Type":"TableCell","Words":[{"Box":[0.0,0.0,0.0,0.0],"IndexInText":1719,"OcrConfidence":1.0,"Text":" ","VisualLineNumber":-1}]},{"IndexInText":1724,"Length":1,"Type":"TableCell","Words":[{"Box":[0.0,0.0,0.0,0.0],"IndexInText":1724,"OcrConfidence":1.0,"Text":" ","VisualLineNumber":-1}]},{"IndexInText":1734,"Length":1,"Type":"TableRowEnd","Words":[{"Box":[0.0,0.0,0.0,0.0],"IndexInText":1734,"OcrConfidence":1.0,"Text":" ","VisualLineNumber":-1}]},{"IndexInText":1741,"Length":18,"Type":"TableCell","Words":[{"Box":[459.916,59.5988,78.048,11.496],"Polygon":[59.5988,459.916,137.6468,459.916,137.6468,471.412,59.5988,471.412],"IndexInText":1741,"OcrConfidence":1.0,"Text":"[DPRO1VAT20TYPE11]","VisualLineNumber":27}]},{"IndexInText":1797,"Length":1,"Type":"TableCell","Words":[{"Box":[0.0,0.0,0.0,0.0],"IndexInText":1797,"OcrConfidence":1.0,"Text":" ","VisualLineNumber":-1}]},{"IndexInText":1803,"Length":1,"Type":"TableCell","Words":[{"Box":[0.0,0.0,0.0,0.0],"IndexInText":1803,"OcrConfidence":1.0,"Text":" ","VisualLineNumber":-1}]},{"IndexInText":1807,"Length":1,"Type":"TableCell","Words":[{"Box":[0.0,0.0,0.0,0.0],"IndexInText":1807,"OcrConfidence":1.0,"Text":" ","VisualLineNumber":-1}]},{"IndexInText":1817,"Length":1,"Type":"TableCell","Words":[{"Box":[0.0,0.0,0.0,0.0],"IndexInText":1817,"OcrConfidence":1.0,"Text":" ","VisualLineNumber":-1}]},{"IndexInText":1822,"Length":1,"Type":"TableCell","Words":[{"Box":[0.0,0.0,0.0,0.0],"IndexInText":1822,"OcrConfidence":1.0,"Text":" ","VisualLineNumber":-1}]},{"IndexInText":1832,"Length":1,"Type":"TableRowEnd","Words":[{"Box":[0.0,0.0,0.0,0.0],"IndexInText":1832,"OcrConfidence":1.0,"Text":" ","VisualLineNumber":-1}]},{"IndexInText":1839,"Length":36,"Type":"TableCell","Words":[{"Box":[489.916,39.7324,4.464,11.496],"Polygon":[39.7324,489.916,44.1964,489.916,44.1964,501.412,39.7324,501.412],"IndexInText":1839,"OcrConfidence":1.0,"Text":"6","VisualLineNumber":28},{"Box":[489.916,59.5988,32.024,11.496],"Polygon":[59.5988,489.916,91.6228,489.916,91.6228,501.412,59.5988,501.412],"IndexInText":1841,"OcrConfidence":1.0,"Text":"Discount","VisualLineNumber":28},{"Box":[489.916,93.8228,30.784,11.496],"Polygon":[93.8228,489.916,124.6068,489.916,124.6068,501.412,93.8228,501.412],"IndexInText":1850,"OcrConfidence":1.0,"Text":"conform","VisualLineNumber":28},{"Box":[489.916,126.8068,35.576,11.496],"Polygon":[126.8068,489.916,162.3828,489.916,162.3828,501.412,126.8068,501.412],"IndexInText":1858,"OcrConfidence":1.0,"Text":"promotie:","VisualLineNumber":28},{"Box":[489.916,164.5828,35.8,11.496],"Polygon":[164.5828,489.916,200.3828,489.916,200.3828,501.412,164.5828,501.412],"IndexInText":1868,"OcrConfidence":1.0,"Text":"EMAG282","VisualLineNumber":28}]},{"IndexInText":1895,"Length":3,"Type":"TableCell","Words":[{"Box":[489.916,249.4508,13.248,11.496],"Polygon":[249.4508,489.916,262.6988,489.916,262.6988,501.412,249.4508,501.412],"IndexInText":1895,"OcrConfidence":1.0,"Text":"buc","VisualLineNumber":28}]},{"IndexInText":1901,"Length":1,"Type":"TableCell","Words":[{"Box":[489.916,294.6125,3.216,11.496],"Polygon":[294.6125,489.916,297.8285,489.916,297.8285,501.412,294.6125,501.412],"IndexInText":1901,"OcrConfidence":1.0,"Text":"1","VisualLineNumber":28}]},{"IndexInText":1905,"Length":6,"Type":"TableCell","Words":[{"Box":[489.916,354.6922,22.92,11.496],"Polygon":[354.6922,489.916,377.6122,489.916,377.6122,501.412,354.6922,501.412],"IndexInText":1905,"OcrConfidence":1.0,"Text":"-84,87","VisualLineNumber":28}]},{"IndexInText":1915,"Length":2,"Type":"TableCell","Words":[{"Box":[489.916,407.4015,7.68,11.496],"Polygon":[407.4015,489.916,415.0815,489.916,415.0815,501.412,407.4015,501.412],"IndexInText":1915,"OcrConfidence":1.0,"Text":"19","VisualLineNumber":28}]},{"IndexInText":1920,"Length":6,"Type":"TableCell","Words":[{"Box":[489.916,451.0418,22.92,11.496],"Polygon":[451.0418,489.916,473.9618,489.916,473.9618,501.412,451.0418,501.412],"IndexInText":1920,"OcrConfidence":1.0,"Text":"-84,87","VisualLineNumber":28}]},{"IndexInText":1930,"Length":6,"Type":"TableRowEnd","Words":[{"Box":[489.916,539.126,20.48,11.496],"Polygon":[539.126,489.916,559.606,489.916,559.606,501.412,539.126,501.412],"IndexInText":1930,"OcrConfidence":1.0,"Text":"-16,13","VisualLineNumber":28}]},{"IndexInText":1937,"Length":18,"Type":"TableCell","Words":[{"Box":[499.916,59.5988,78.048,11.496],"Polygon":[59.5988,499.916,137.6468,499.916,137.6468,511.412,59.5988,511.412],"IndexInText":1937,"OcrConfidence":1.0,"Text":"[DPRO1VAT20TYPE11]","VisualLineNumber":29}]},{"IndexInText":1993,"Length":1,"Type":"TableCell","Words":[{"Box":[0.0,0.0,0.0,0.0],"IndexInText":1993,"OcrConfidence":1.0,"Text":" ","VisualLineNumber":-1}]},{"IndexInText":1999,"Length":1,"Type":"TableCell","Words":[{"Box":[0.0,0.0,0.0,0.0],"IndexInText":1999,"OcrConfidence":1.0,"Text":" ","VisualLineNumber":-1}]},{"IndexInText":2003,"Length":1,"Type":"TableCell","Words":[{"Box":[0.0,0.0,0.0,0.0],"IndexInText":2003,"OcrConfidence":1.0,"Text":" ","VisualLineNumber":-1}]},{"IndexInText":2013,"Length":1,"Type":"TableCell","Words":[{"Box":[0.0,0.0,0.0,0.0],"IndexInText":2013,"OcrConfidence":1.0,"Text":" ","VisualLineNumber":-1}]},{"IndexInText":2018,"Length":1,"Type":"TableCell","Words":[{"Box":[0.0,0.0,0.0,0.0],"IndexInText":2018,"OcrConfidence":1.0,"Text":" ","VisualLineNumber":-1}]},{"IndexInText":2028,"Length":1,"Type":"TableRowEnd","Words":[{"Box":[0.0,0.0,0.0,0.0],"IndexInText":2028,"OcrConfidence":1.0,"Text":" ","VisualLineNumber":-1}]},{"IndexInText":2035,"Length":42,"Type":"TableCell","Words":[{"Box":[529.916,39.8204,4.288,11.496],"Polygon":[39.8204,529.916,44.1084,529.916,44.1084,541.412,39.8204,541.412],"IndexInText":2035,"OcrConfidence":1.0,"Text":"7","VisualLineNumber":30},{"Box":[529.916,59.5988,32.024,11.496],"Polygon":[59.5988,529.916,91.6228,529.916,91.6228,541.412,59.5988,541.412],"IndexInText":2037,"OcrConfidence":1.0,"Text":"Discount","VisualLineNumber":30},{"Box":[529.916,93.8228,30.784,11.496],"Polygon":[93.8228,529.916,124.6068,529.916,124.6068,541.412,93.8228,541.412],"IndexInText":2046,"OcrConfidence":1.0,"Text":"conform","VisualLineNumber":30},{"Box":[529.916,126.8068,35.576,11.496],"Polygon":[126.8068,529.916,162.3828,529.916,162.3828,541.412,126.8068,541.412],"IndexInText":2054,"OcrConfidence":1.0,"Text":"promotie:","VisualLineNumber":30},{"Box":[529.916,164.5828,64.856,11.496],"Polygon":[164.5828,529.916,229.4388,529.916,229.4388,541.412,164.5828,541.412],"IndexInText":2064,"OcrConfidence":1.0,"Text":"eMAG-WD10EZEX","VisualLineNumber":30}]},{"IndexInText":2091,"Length":3,"Type":"TableCell","Words":[{"Box":[529.916,249.4508,13.248,11.496],"Polygon":[249.4508,529.916,262.6988,529.916,262.6988,541.412,249.4508,541.412],"IndexInText":2091,"OcrConfidence":1.0,"Text":"buc","VisualLineNumber":30}]},{"IndexInText":2097,"Length":1,"Type":"TableCell","Words":[{"Box":[529.916,294.6125,3.216,11.496],"Polygon":[294.6125,529.916,297.8285,529.916,297.8285,541.412,294.6125,541.412],"IndexInText":2097,"OcrConfidence":1.0,"Text":"1","VisualLineNumber":30}]},{"IndexInText":2101,"Length":6,"Type":"TableCell","Words":[{"Box":[529.916,356.2362,21.376,11.496],"Polygon":[356.2362,529.916,377.6122,529.916,377.6122,541.412,356.2362,541.412],"IndexInText":2101,"OcrConfidence":1.0,"Text":"-27,71","VisualLineNumber":30}]},{"IndexInText":2111,"Length":2,"Type":"TableCell","Words":[{"Box":[529.916,407.4015,7.68,11.496],"Polygon":[407.4015,529.916,415.0815,529.916,415.0815,541.412,407.4015,541.412],"IndexInText":2111,"OcrConfidence":1.0,"Text":"19","VisualLineNumber":30}]},{"IndexInText":2116,"Length":6,"Type":"TableCell","Words":[{"Box":[529.916,452.5858,21.376,11.496],"Polygon":[452.5858,529.916,473.9618,529.916,473.9618,541.412,452.5858,541.412],"IndexInText":2116,"OcrConfidence":1.0,"Text":"-27,71","VisualLineNumber":30}]},{"IndexInText":2126,"Length":5,"Type":"TableRowEnd","Words":[{"Box":[529.916,541.118,18.488,11.496],"Polygon":[541.118,529.916,559.606,529.916,559.606,541.412,541.118,541.412],"IndexInText":2126,"OcrConfidence":1.0,"Text":"-5,26","VisualLineNumber":30}]},{"IndexInText":2133,"Length":18,"Type":"TableCell","Words":[{"Box":[539.916,59.5988,78.048,11.496],"Polygon":[59.5988,539.916,137.6468,539.916,137.6468,551.412,59.5988,551.412],"IndexInText":2133,"OcrConfidence":1.0,"Text":"[DPRO1VAT20TYPE11]","VisualLineNumber":31}]},{"IndexInText":2189,"Length":1,"Type":"TableCell","Words":[{"Box":[0.0,0.0,0.0,0.0],"IndexInText":2189,"OcrConfidence":1.0,"Text":" ","VisualLineNumber":-1}]},{"IndexInText":2195,"Length":1,"Type":"TableCell","Words":[{"Box":[0.0,0.0,0.0,0.0],"IndexInText":2195,"OcrConfidence":1.0,"Text":" ","VisualLineNumber":-1}]},{"IndexInText":2199,"Length":1,"Type":"TableCell","Words":[{"Box":[0.0,0.0,0.0,0.0],"IndexInText":2199,"OcrConfidence":1.0,"Text":" ","VisualLineNumber":-1}]},{"IndexInText":2209,"Length":1,"Type":"TableCell","Words":[{"Box":[0.0,0.0,0.0,0.0],"IndexInText":2209,"OcrConfidence":1.0,"Text":" ","VisualLineNumber":-1}]},{"IndexInText":2214,"Length":1,"Type":"TableCell","Words":[{"Box":[0.0,0.0,0.0,0.0],"IndexInText":2214,"OcrConfidence":1.0,"Text":" ","VisualLineNumber":-1}]},{"IndexInText":2224,"Length":1,"Type":"TableRowEnd","Words":[{"Box":[0.0,0.0,0.0,0.0],"IndexInText":2224,"OcrConfidence":1.0,"Text":" ","VisualLineNumber":-1}]},{"IndexInText":2231,"Length":34,"Type":"TableCell","Words":[{"Box":[569.916,39.7444,4.44,11.496],"Polygon":[39.7444,569.916,44.1844,569.916,44.1844,581.412,39.7444,581.412],"IndexInText":2231,"OcrConfidence":1.0,"Text":"8","VisualLineNumber":32},{"Box":[569.916,59.5988,32.024,11.496],"Polygon":[59.5988,569.916,91.6228,569.916,91.6228,581.412,59.5988,581.412],"IndexInText":2233,"OcrConfidence":1.0,"Text":"Discount","VisualLineNumber":32},{"Box":[569.916,93.8228,35.112,11.496],"Polygon":[93.8228,569.916,128.9348,569.916,128.9348,581.412,93.8228,581.412],"IndexInText":2242,"OcrConfidence":1.0,"Text":"Transport","VisualLineNumber":32},{"Box":[569.916,131.1348,20.944,11.496],"Polygon":[131.1348,569.916,152.0788,569.916,152.0788,581.412,131.1348,581.412],"IndexInText":2252,"OcrConfidence":1.0,"Text":"Client","VisualLineNumber":32},{"Box":[569.916,154.2788,24.688,11.496],"Polygon":[154.2788,569.916,178.9668,569.916,178.9668,581.412,154.2788,581.412],"IndexInText":2259,"OcrConfidence":1.0,"Text":"Genius","VisualLineNumber":32}]},{"IndexInText":2287,"Length":3,"Type":"TableCell","Words":[{"Box":[569.916,249.4508,13.248,11.496],"Polygon":[249.4508,569.916,262.6988,569.916,262.6988,581.412,249.4508,581.412],"IndexInText":2287,"OcrConfidence":1.0,"Text":"buc","VisualLineNumber":32}]},{"IndexInText":2293,"Length":1,"Type":"TableCell","Words":[{"Box":[569.916,294.6125,3.216,11.496],"Polygon":[294.6125,569.916,297.8285,569.916,297.8285,581.412,294.6125,581.412],"IndexInText":2293,"OcrConfidence":1.0,"Text":"1","VisualLineNumber":32}]},{"IndexInText":2297,"Length":5,"Type":"TableCell","Words":[{"Box":[569.916,359.1002,18.512,11.496],"Polygon":[359.1002,569.916,377.6122,569.916,377.6122,581.412,359.1002,581.412],"IndexInText":2297,"OcrConfidence":1.0,"Text":"-6,29","VisualLineNumber":32}]},{"IndexInText":2307,"Length":2,"Type":"TableCell","Words":[{"Box":[569.916,407.4015,7.68,11.496],"Polygon":[407.4015,569.916,415.0815,569.916,415.0815,581.412,407.4015,581.412],"IndexInText":2307,"OcrConfidence":1.0,"Text":"19","VisualLineNumber":32}]},{"IndexInText":2312,"Length":5,"Type":"TableCell","Words":[{"Box":[569.916,455.4498,18.512,11.496],"Polygon":[455.4498,569.916,473.9618,569.916,473.9618,581.412,455.4498,581.412],"IndexInText":2312,"OcrConfidence":1.0,"Text":"-6,29","VisualLineNumber":32}]},{"IndexInText":2322,"Length":5,"Type":"TableRowEnd","Words":[{"Box":[569.916,542.366,17.24,11.496],"Polygon":[542.366,569.916,559.606,569.916,559.606,581.412,542.366,581.412],"IndexInText":2322,"OcrConfidence":1.0,"Text":"-1,20","VisualLineNumber":32}]},{"IndexInText":2329,"Length":26,"Type":"TableCell","Words":[{"Box":[579.916,59.5988,98.464,11.496],"Polygon":[59.5988,579.916,158.0628,579.916,158.0628,591.412,59.5988,591.412],"IndexInText":2329,"OcrConfidence":1.0,"Text":"[BeneficiuTransportGenius]","VisualLineNumber":33}]},{"IndexInText":2385,"Length":1,"Type":"TableCell","Words":[{"Box":[0.0,0.0,0.0,0.0],"IndexInText":2385,"OcrConfidence":1.0,"Text":" ","VisualLineNumber":-1}]},{"IndexInText":2391,"Length":1,"Type":"TableCell","Words":[{"Box":[0.0,0.0,0.0,0.0],"IndexInText":2391,"OcrConfidence":1.0,"Text":" ","VisualLineNumber":-1}]},{"IndexInText":2395,"Length":1,"Type":"TableCell","Words":[{"Box":[0.0,0.0,0.0,0.0],"IndexInText":2395,"OcrConfidence":1.0,"Text":" ","VisualLineNumber":-1}]},{"IndexInText":2405,"Length":1,"Type":"TableCell","Words":[{"Box":[0.0,0.0,0.0,0.0],"IndexInText":2405,"OcrConfidence":1.0,"Text":" ","VisualLineNumber":-1}]},{"IndexInText":2410,"Length":1,"Type":"TableCell","Words":[{"Box":[0.0,0.0,0.0,0.0],"IndexInText":2410,"OcrConfidence":1.0,"Text":" ","VisualLineNumber":-1}]},{"IndexInText":2420,"Length":1,"Type":"TableRowEnd","Words":[{"Box":[0.0,0.0,0.0,0.0],"IndexInText":2420,"OcrConfidence":1.0,"Text":" ","VisualLineNumber":-1}]}]},{"IndexInText":2428,"Language":"ron","Length":139,"Rotation":"None","SkewAngle":0.0,"Type":"Paragraph","WordGroups":[{"IndexInText":2428,"Length":22,"Type":"Sentence","Words":[{"Box":[611.306,42.835,31.992,11.496],"Polygon":[42.835,611.306,74.827,611.306,74.827,622.802,42.835,622.802],"IndexInText":2428,"OcrConfidence":1.0,"Text":"Conform","VisualLineNumber":34},{"Box":[611.306,77.027,11.952,11.496],"Polygon":[77.027,611.306,88.979,611.306,88.979,622.802,77.027,622.802],"IndexInText":2436,"OcrConfidence":1.0,"Text":"art.","VisualLineNumber":34},{"Box":[611.306,91.179,12.12,11.496],"Polygon":[91.179,611.306,103.299,611.306,103.299,622.802,91.179,622.802],"IndexInText":2441,"OcrConfidence":1.0,"Text":"319","VisualLineNumber":34},{"Box":[611.306,105.499,14.944,11.496],"Polygon":[105.499,611.306,120.443,611.306,120.443,622.802,105.499,622.802],"IndexInText":2445,"OcrConfidence":1.0,"Text":"alin.","VisualLineNumber":34}]},{"IndexInText":2451,"Length":116,"Type":"Other","Words":[{"Box":[611.306,122.643,14.216,11.496],"Polygon":[122.643,611.306,136.859,611.306,136.859,622.802,122.643,622.802],"IndexInText":2451,"OcrConfidence":1.0,"Text":"(29)","VisualLineNumber":34},{"Box":[611.306,139.059,11.576,11.496],"Polygon":[139.059,611.306,150.635,611.306,150.635,622.802,139.059,622.802],"IndexInText":2456,"OcrConfidence":1.0,"Text":"din","VisualLineNumber":34},{"Box":[611.306,152.835,21.408,11.496],"Polygon":[152.835,611.306,174.243,611.306,174.243,622.802,152.835,622.802],"IndexInText":2460,"OcrConfidence":1.0,"Text":"Legea","VisualLineNumber":34},{"Box":[611.306,176.443,9.552,11.496],"Polygon":[176.443,611.306,185.995,611.306,185.995,622.802,176.443,622.802],"IndexInText":2466,"OcrConfidence":1.0,"Text":"nr.","VisualLineNumber":34},{"Box":[611.306,188.195,33.016,11.496],"Polygon":[188.195,611.306,221.211,611.306,221.211,622.802,188.195,622.802],"IndexInText":2470,"OcrConfidence":1.0,"Text":"227/2015","VisualLineNumber":34},{"Box":[611.306,223.411,25.504,11.496],"Polygon":[223.411,611.306,248.915,611.306,248.915,622.802,223.411,622.802],"IndexInText":2479,"OcrConfidence":1.0,"Text":"privind","VisualLineNumber":34},{"Box":[611.306,251.115,21.32,11.496],"Polygon":[251.115,611.306,272.435,611.306,272.435,622.802,251.115,622.802],"IndexInText":2487,"OcrConfidence":1.0,"Text":"Codul","VisualLineNumber":34},{"Box":[611.306,274.635,21.504,11.496],"Polygon":[274.635,611.306,296.139,611.306,296.139,622.802,274.635,622.802],"IndexInText":2493,"OcrConfidence":1.0,"Text":"Fiscal,","VisualLineNumber":34},{"Box":[611.306,298.339,25.384,11.496],"Polygon":[298.339,611.306,323.723,611.306,323.723,622.802,298.339,622.802],"IndexInText":2501,"OcrConfidence":1.0,"Text":"factura","VisualLineNumber":34},{"Box":[611.306,325.923,14.832,11.496],"Polygon":[325.923,611.306,340.755,611.306,340.755,622.802,325.923,622.802],"IndexInText":2509,"OcrConfidence":1.0,"Text":"este","VisualLineNumber":34},{"Box":[611.306,342.955,27.672,11.496],"Polygon":[342.955,611.306,370.627,611.306,370.627,622.802,342.955,622.802],"IndexInText":2514,"OcrConfidence":1.0,"Text":"valabila","VisualLineNumber":34},{"Box":[611.306,372.827,14.072,11.496],"Polygon":[372.827,611.306,386.899,611.306,386.899,622.802,372.827,622.802],"IndexInText":2523,"OcrConfidence":1.0,"Text":"fara","VisualLineNumber":34},{"Box":[611.306,389.099,38.312,11.496],"Polygon":[389.099,611.306,427.411,611.306,427.411,622.802,389.099,622.802],"IndexInText":2528,"OcrConfidence":1.0,"Text":"semnatura","VisualLineNumber":34},{"Box":[611.306,429.611,5.536,11.496],"Polygon":[429.611,611.306,435.147,611.306,435.147,622.802,429.611,622.802],"IndexInText":2538,"OcrConfidence":1.0,"Text":"si","VisualLineNumber":34},{"Box":[611.306,437.347,30.776,11.496],"Polygon":[437.347,611.306,468.123,611.306,468.123,622.802,437.347,622.802],"IndexInText":2541,"OcrConfidence":1.0,"Text":"stampila","VisualLineNumber":34},{"Box":[621.306,42.835,18.0,11.496],"Polygon":[42.835,621.306,60.835,621.306,60.835,632.802,42.835,632.802],"IndexInText":2550,"OcrConfidence":1.0,"Text":"Plata","VisualLineNumber":35},{"Box":[621.306,63.035,15.72,11.496],"Polygon":[63.035,621.306,78.755,621.306,78.755,632.802,63.035,632.802],"IndexInText":2556,"OcrConfidence":1.0,"Text":"card","VisualLineNumber":35},{"Box":[621.306,80.955,22.528,11.496],"Polygon":[80.955,621.306,103.483,621.306,103.483,632.802,80.955,632.802],"IndexInText":2561,"OcrConfidence":1.0,"Text":"online","VisualLineNumber":35}]}]},{"IndexInText":2569,"Language":"ron","Length":361,"Rotation":"None","SkewAngle":0.0,"Type":"Paragraph","WordGroups":[{"IndexInText":2569,"Length":100,"Type":"Other","Words":[{"Box":[652.233,36.672,44.118,12.933],"Polygon":[36.672,652.233,80.79,652.233,80.79,665.166,36.672,665.166],"IndexInText":2569,"OcrConfidence":1.0,"Text":"Semnatura","VisualLineNumber":36},{"Box":[652.233,83.265,6.228,12.933],"Polygon":[83.265,652.233,89.493,652.233,89.493,665.166,83.265,665.166],"IndexInText":2579,"OcrConfidence":1.0,"Text":"si","VisualLineNumber":36},{"Box":[654.233,103.835,19.179,12.933],"Polygon":[103.835,654.233,123.014,654.233,123.014,667.166,103.835,667.166],"IndexInText":2582,"OcrConfidence":1.0,"Text":"Date","VisualLineNumber":36},{"Box":[654.233,125.489,28.692,12.933],"Polygon":[125.489,654.233,154.181,654.233,154.181,667.166,125.489,667.166],"IndexInText":2587,"OcrConfidence":1.0,"Text":"privind","VisualLineNumber":36},{"Box":[654.233,156.656,37.566,12.933],"Polygon":[156.656,654.233,194.222,654.233,194.222,667.166,156.656,667.166],"IndexInText":2595,"OcrConfidence":1.0,"Text":"expeditia","VisualLineNumber":36},{"Box":[654.233,196.697,80.253,12.933],"Polygon":[196.697,654.233,276.95,654.233,276.95,667.166,196.697,667.166],"IndexInText":2605,"OcrConfidence":1.0,"Text":".....................................","VisualLineNumber":36},{"Box":[652.233,340.785,20.637,12.933],"Polygon":[340.785,652.233,361.422,652.233,361.422,665.166,340.785,665.166],"IndexInText":2643,"OcrConfidence":1.0,"Text":"Total","VisualLineNumber":36},{"Box":[652.233,363.897,13.023,12.933],"Polygon":[363.897,652.233,376.92,652.233,376.92,665.166,363.897,665.166],"IndexInText":2649,"OcrConfidence":1.0,"Text":"din","VisualLineNumber":36},{"Box":[652.233,422.16,16.2,12.933],"Polygon":[422.16,652.233,438.36,652.233,438.36,665.166,422.16,665.166],"IndexInText":2653,"OcrConfidence":1.0,"Text":"19%","VisualLineNumber":36},{"Box":[652.233,474.216,27.144,12.933],"Polygon":[474.216,652.233,501.36,652.233,501.36,665.166,474.216,665.166],"IndexInText":2657,"OcrConfidence":1.0,"Text":"383,20","VisualLineNumber":36},{"Box":[652.233,542.382,21.978,12.933],"Polygon":[542.382,652.233,564.36,652.233,564.36,665.166,542.382,665.166],"IndexInText":2664,"OcrConfidence":1.0,"Text":"72,80","VisualLineNumber":36}]},{"IndexInText":2670,"Length":149,"Type":"Other","Words":[{"Box":[663.483,45.771,34.623,12.933],"Polygon":[45.771,663.483,80.394,663.483,80.394,676.416,45.771,676.416],"IndexInText":2670,"OcrConfidence":1.0,"Text":"stampila","VisualLineNumber":37},{"Box":[668.483,103.835,32.031,12.933],"Polygon":[103.835,668.483,135.866,668.483,135.866,681.416,103.835,681.416],"IndexInText":2679,"OcrConfidence":1.0,"Text":"Numele","VisualLineNumber":37},{"Box":[668.483,138.341,45.9,12.933],"Polygon":[138.341,668.483,184.241,668.483,184.241,681.416,138.341,681.416],"IndexInText":2686,"OcrConfidence":1.0,"Text":"delegatului","VisualLineNumber":37},{"Box":[668.483,186.716,28.71,12.933],"Polygon":[186.716,668.483,215.426,668.483,215.426,681.416,186.716,681.416],"IndexInText":2698,"OcrConfidence":1.0,"Text":"Ielcean","VisualLineNumber":37},{"Box":[668.483,217.901,31.599,12.933],"Polygon":[217.901,668.483,249.5,668.483,249.5,681.416,217.901,681.416],"IndexInText":2706,"OcrConfidence":1.0,"Text":"bogdan","VisualLineNumber":37},{"Box":[663.483,335.835,17.037,12.933],"Polygon":[335.835,663.483,352.872,663.483,352.872,676.416,335.835,676.416],"IndexInText":2713,"OcrConfidence":1.0,"Text":"care","VisualLineNumber":37},{"Box":[663.483,355.347,26.631,12.933],"Polygon":[355.347,663.483,381.978,663.483,381.978,676.416,355.347,676.416],"IndexInText":2718,"OcrConfidence":1.0,"Text":"accize:","VisualLineNumber":37},{"Box":[663.483,417.723,20.637,12.933],"Polygon":[417.723,663.483,438.36,663.483,438.36,676.416,417.723,676.416],"IndexInText":2726,"OcrConfidence":1.0,"Text":"Total","VisualLineNumber":37},{"Box":[663.483,474.216,27.144,12.933],"Polygon":[474.216,663.483,501.36,663.483,501.36,676.416,474.216,676.416],"IndexInText":2732,"OcrConfidence":1.0,"Text":"383,20","VisualLineNumber":37},{"Box":[663.483,542.382,21.978,12.933],"Polygon":[542.382,663.483,564.36,663.483,564.36,676.416,542.382,676.416],"IndexInText":2739,"OcrConfidence":1.0,"Text":"72,80","VisualLineNumber":37},{"Box":[674.733,39.408,47.349,12.933],"Polygon":[39.408,674.733,86.757,674.733,86.757,687.666,39.408,687.666],"IndexInText":2745,"OcrConfidence":1.0,"Text":"furnizorului","VisualLineNumber":38},{"Box":[682.733,103.835,28.683,12.933],"Polygon":[103.835,682.733,132.518,682.733,132.518,695.666,103.835,695.666],"IndexInText":2758,"OcrConfidence":1.0,"Text":"B.I./C.I.","VisualLineNumber":39},{"Box":[682.733,134.993,19.035,12.933],"Polygon":[134.993,682.733,154.028,682.733,154.028,695.666,134.993,695.666],"IndexInText":2768,"OcrConfidence":1.0,"Text":"seria","VisualLineNumber":39},{"Box":[682.733,156.503,8.676,12.933],"Polygon":[156.503,682.733,165.179,682.733,165.179,695.666,156.503,695.666],"IndexInText":2774,"OcrConfidence":1.0,"Text":"....","VisualLineNumber":39},{"Box":[682.733,167.654,32.436,12.933],"Polygon":[167.654,682.733,200.09,682.733,200.09,695.666,167.654,695.666],"IndexInText":2779,"OcrConfidence":1.0,"Text":"nr...........","VisualLineNumber":39},{"Box":[682.733,202.565,41.634,12.933],"Polygon":[202.565,682.733,244.199,682.733,244.199,695.666,202.565,695.666],"IndexInText":2793,"OcrConfidence":1.0,"Text":"eliberat(a)","VisualLineNumber":39},{"Box":[682.733,246.674,30.366,12.933],"Polygon":[246.674,682.733,277.04,682.733,277.04,695.666,246.674,695.666],"IndexInText":2805,"OcrConfidence":1.0,"Text":"..............","VisualLineNumber":39}]},{"IndexInText":2820,"Length":27,"Type":"Other","Words":[{"Box":[687.983,335.183,44.118,12.933],"Polygon":[335.183,687.983,379.301,687.983,379.301,700.916,335.183,700.916],"IndexInText":2820,"OcrConfidence":1.0,"Text":"Semnatura","VisualLineNumber":40},{"Box":[687.983,381.776,10.206,12.933],"Polygon":[381.776,687.983,391.982,687.983,391.982,700.916,381.776,700.916],"IndexInText":2830,"OcrConfidence":1.0,"Text":"de","VisualLineNumber":40},{"Box":[689.983,402.835,20.637,12.933],"Polygon":[402.835,689.983,423.472,689.983,423.472,702.916,402.835,702.916],"IndexInText":2833,"OcrConfidence":1.0,"Text":"Total","VisualLineNumber":40},{"Box":[689.983,425.947,10.206,12.933],"Polygon":[425.947,689.983,436.153,689.983,436.153,702.916,425.947,702.916],"IndexInText":2839,"OcrConfidence":1.0,"Text":"de","VisualLineNumber":40},{"Box":[689.983,438.628,20.421,12.933],"Polygon":[438.628,689.983,459.049,689.983,459.049,702.916,438.628,702.916],"IndexInText":2842,"OcrConfidence":1.0,"Text":"plata","VisualLineNumber":40}]},{"IndexInText":2848,"Length":82,"Type":"Other","Words":[{"Box":[696.983,103.835,32.562,12.933],"Polygon":[103.835,696.983,136.397,696.983,136.397,709.916,103.835,709.916],"IndexInText":2848,"OcrConfidence":1.0,"Text":"Mijlocul","VisualLineNumber":41},{"Box":[696.983,138.872,10.206,12.933],"Polygon":[138.872,696.983,149.078,696.983,149.078,709.916,138.872,709.916],"IndexInText":2857,"OcrConfidence":1.0,"Text":"de","VisualLineNumber":41},{"Box":[696.983,151.553,37.782,12.933],"Polygon":[151.553,696.983,189.335,696.983,189.335,709.916,151.553,709.916],"IndexInText":2860,"OcrConfidence":1.0,"Text":"transport","VisualLineNumber":41},{"Box":[696.983,191.81,28.197,12.933],"Polygon":[191.81,696.983,220.007,696.983,220.007,709.916,191.81,709.916],"IndexInText":2870,"OcrConfidence":1.0,"Text":".............","VisualLineNumber":41},{"Box":[696.983,222.482,10.746,12.933],"Polygon":[222.482,696.983,233.228,696.983,233.228,709.916,222.482,709.916],"IndexInText":2884,"OcrConfidence":1.0,"Text":"nr.","VisualLineNumber":41},{"Box":[696.983,235.703,43.38,12.933],"Polygon":[235.703,696.983,279.083,696.983,279.083,709.916,235.703,709.916],"IndexInText":2888,"OcrConfidence":1.0,"Text":"....................","VisualLineNumber":41},{"Box":[699.233,348.8135,29.538,12.933],"Polygon":[348.8135,699.233,378.3515,699.233,378.3515,712.166,348.8135,712.166],"IndexInText":2909,"OcrConfidence":1.0,"Text":"primire","VisualLineNumber":41},{"Box":[701.233,402.835,14.94,12.933],"Polygon":[402.835,701.233,417.775,701.233,417.775,714.166,402.835,714.166],"IndexInText":2917,"OcrConfidence":1.0,"Text":"(col","VisualLineNumber":41},{"Box":[701.233,420.25,23.22,12.933],"Polygon":[420.25,701.233,443.47,701.233,443.47,714.166,420.25,714.166],"IndexInText":2922,"OcrConfidence":1.0,"Text":"6+col","VisualLineNumber":41},{"Box":[701.233,445.945,7.812,12.933],"Polygon":[445.945,701.233,453.757,701.233,453.757,714.166,445.945,714.166],"IndexInText":2928,"OcrConfidence":1.0,"Text":"7)","VisualLineNumber":41}]}]},{"IndexInText":2932,"Language":"ron","Length":186,"Rotation":"None","SkewAngle":0.0,"Type":"Paragraph","WordGroups":[{"IndexInText":2932,"Length":46,"Type":"Other","Words":[{"Box":[711.233,103.835,44.739,12.933],"Polygon":[103.835,711.233,148.574,711.233,148.574,724.166,103.835,724.166],"IndexInText":2932,"OcrConfidence":1.0,"Text":"Expedierea","VisualLineNumber":42},{"Box":[711.233,151.049,12.195,12.933],"Polygon":[151.049,711.233,163.244,711.233,163.244,724.166,151.049,724.166],"IndexInText":2943,"OcrConfidence":1.0,"Text":"s-a","VisualLineNumber":42},{"Box":[711.233,165.719,33.336,12.933],"Polygon":[165.719,711.233,199.055,711.233,199.055,724.166,165.719,724.166],"IndexInText":2947,"OcrConfidence":1.0,"Text":"efectuat","VisualLineNumber":42},{"Box":[711.233,201.53,7.596,12.933],"Polygon":[201.53,711.233,209.126,711.233,209.126,724.166,201.53,724.166],"IndexInText":2956,"OcrConfidence":1.0,"Text":"in","VisualLineNumber":42},{"Box":[711.233,211.601,35.685,12.933],"Polygon":[211.601,711.233,247.286,711.233,247.286,724.166,211.601,724.166],"IndexInText":2959,"OcrConfidence":1.0,"Text":"prezenta","VisualLineNumber":42},{"Box":[711.233,249.761,30.474,12.933],"Polygon":[249.761,711.233,280.235,711.233,280.235,724.166,249.761,724.166],"IndexInText":2968,"OcrConfidence":1.0,"Text":"noastra","VisualLineNumber":42},{"Box":[711.233,282.71,7.047,12.933],"Polygon":[282.71,711.233,289.757,711.233,289.757,724.166,282.71,724.166],"IndexInText":2976,"OcrConfidence":1.0,"Text":"la","VisualLineNumber":42}]},{"IndexInText":2979,"Length":70,"Type":"Other","Words":[{"Box":[725.483,103.835,18.072,12.933],"Polygon":[103.835,725.483,121.907,725.483,121.907,738.416,103.835,738.416],"IndexInText":2979,"OcrConfidence":1.0,"Text":"data","VisualLineNumber":43},{"Box":[725.483,124.382,10.206,12.933],"Polygon":[124.382,725.483,134.588,725.483,134.588,738.416,124.382,738.416],"IndexInText":2984,"OcrConfidence":1.0,"Text":"de","VisualLineNumber":43},{"Box":[725.483,137.063,58.563,12.933],"Polygon":[137.063,725.483,195.626,725.483,195.626,738.416,137.063,738.416],"IndexInText":2987,"OcrConfidence":1.0,"Text":"...........................","VisualLineNumber":43},{"Box":[725.483,198.101,13.401,12.933],"Polygon":[198.101,725.483,211.502,725.483,211.502,738.416,198.101,738.416],"IndexInText":3015,"OcrConfidence":1.0,"Text":"ora","VisualLineNumber":43},{"Box":[725.483,213.977,65.07,12.933],"Polygon":[213.977,725.483,279.047,725.483,279.047,738.416,213.977,738.416],"IndexInText":3019,"OcrConfidence":1.0,"Text":"..............................","VisualLineNumber":43}]},{"IndexInText":3050,"Length":68,"Type":"Other","Words":[{"Box":[739.733,103.835,48.897,12.933],"Polygon":[103.835,739.733,152.732,739.733,152.732,752.666,103.835,752.666],"IndexInText":3050,"OcrConfidence":1.0,"Text":"Semnaturile","VisualLineNumber":44},{"Box":[739.733,155.207,121.464,12.933],"Polygon":[155.207,739.733,276.671,739.733,276.671,752.666,155.207,752.666],"IndexInText":3062,"OcrConfidence":1.0,"Text":"........................................................","VisualLineNumber":44}]}]},{"IndexInText":3120,"Language":"bul","Length":6,"Rotation":"None","SkewAngle":0.0,"Type":"Paragraph","WordGroups":[{"IndexInText":3120,"Length":6,"Type":"Other","Words":[{"Box":[715.264,523.685,36.48,17.244],"Polygon":[523.685,715.264,560.165,715.264,560.165,732.508,523.685,732.508],"IndexInText":3120,"OcrConfidence":1.0,"Text":"456,00","VisualLineNumber":42}]}]},{"IndexInText":3128,"Language":"eng","Length":3,"Rotation":"None","SkewAngle":0.0,"Type":"Footer","WordGroups":[{"IndexInText":3128,"Length":3,"Type":"Other","Words":[{"Box":[812.415,292.773,9.73,7.7],"Polygon":[292.773,812.415,302.503,812.415,302.503,820.115,292.773,820.115],"IndexInText":3128,"OcrConfidence":1.0,"Text":"1/1","VisualLineNumber":45}]}]},{"IndexInText":3133,"Language":"eng","Length":29,"Rotation":"None","SkewAngle":0.0,"Type":"Paragraph","WordGroups":[{"IndexInText":3133,"Length":29,"Type":"Other","Words":[{"Box":[839.734,2.835,16.17,1.156],"Polygon":[2.835,839.734,19.005,839.734,19.005,840.89,2.835,840.89],"IndexInText":3133,"OcrConfidence":1.0,"Text":"PoweredbyTCPDF(www.tcpdf.org)","VisualLineNumber":46}]}]}],"ProcessingSource":"Pdf","IndexInText":0,"TextLength":3162,"SkewAngle":0.0}]}