{"DocumentTypeId":"invoice.invoice.invoice","FormId":"4158cbfd","FormName":"Emag_1","OriginalFileExtension":"pdf","Pages":[{"Page":0,"Size":[0.0,0.0,595.0,841.0],"SkewAngle":0.0,"Evidence":[{"Text":"Seria:","Box":[29.797,313.111,18.151,9.233]},{"Text":"Data","Box":[38.547,313.111,15.414,9.233]},{"Text":"Factura","Box":[79.42,68.111,69.36,26.38]},{"Text":"Furnizor:","Box":[109.797,68.111,29.197,9.233]},{"Text":"C.I.F.:","Box":[127.297,68.111,17.815,9.233]},{"Text":"Capital","Box":[136.047,68.111,22.939,9.233]},{"Text":"Banca:","Box":[153.547,68.111,21.511,9.233]}],"Fields":[],"Tables":[{"FieldId":"invoice.invoice.invoice.TabelProduse","Headers":[{"FieldId":"invoice.invoice.invoice.TabelProduse.Denumireaproduselorsauaserviciilor","Box":[231.4887,55.8567,187.7246,47.2191]},{"FieldId":"invoice.invoice.invoice.TabelProduse.UM","Box":[231.4887,243.5814,26.4888,47.2191]},{"FieldId":"invoice.invoice.invoice.TabelProduse.Cantitatea","Box":[231.4887,270.0701,54.1292,47.2191]},{"FieldId":"invoice.invoice.invoice.TabelProduse.Pretunitar(faraTVA)","Box":[231.4887,324.1993,58.1601,47.2191]},{"FieldId":"invoice.invoice.invoice.TabelProduse.CotaTVA","Box":[231.4887,382.3594,38.5814,47.2191]},{"FieldId":"invoice.invoice.invoice.TabelProduse.Valoarea","Box":[231.4887,420.9408,58.7359,47.2191]},{"FieldId":"invoice.invoice.invoice.TabelProduse.ValoareaTVA","Box":[231.4887,479.6768,85.5126,47.2191]}],"Cells":[{"Row":0,"Column":0,"Box":[278.7077,55.8567,187.7246,44.9157]},{"Row":0,"Column":1,"Box":[278.7077,243.5814,26.4888,44.9157]},{"Row":0,"Column":2,"Box":[278.7077,270.0701,54.1292,44.9157]},{"Row":0,"Column":3,"Box":[278.7077,324.1993,58.1601,44.9157]},{"Row":0,"Column":4,"Box":[278.7077,382.3594,38.5814,44.9157]},{"Row":0,"Column":5,"Box":[278.7077,420.9408,58.7359,44.9157]},{"Row":0,"Column":6,"Box":[278.7077,479.6768,85.5126,44.9157]},{"Row":1,"Column":0,"Box":[323.6235,55.8567,187.7246,33.3989]},{"Row":1,"Column":1,"Box":[323.6235,243.5814,26.4888,33.3989]},{"Row":1,"Column":2,"Box":[323.6235,270.0701,54.1292,33.3989]},{"Row":1,"Column":3,"Box":[323.6235,324.1993,58.1601,33.3989]},{"Row":1,"Column":4,"Box":[323.6235,382.3594,38.5814,33.3989]},{"Row":1,"Column":5,"Box":[323.6235,420.9408,58.7359,33.3989]},{"Row":1,"Column":6,"Box":[323.6235,479.6768,85.5126,33.3989]},{"Row":2,"Column":0,"Box":[357.0223,55.8567,187.7246,31.0955]},{"Row":2,"Column":1,"Box":[357.0223,243.5814,26.4888,31.0955]},{"Row":2,"Column":2,"Box":[357.0223,270.0701,54.1292,31.0955]},{"Row":2,"Column":3,"Box":[357.0223,324.1993,58.1601,31.0955]},{"Row":2,"Column":4,"Box":[357.0223,382.3594,38.5814,31.0955]},{"Row":2,"Column":5,"Box":[357.0223,420.9408,58.7359,31.0955]},{"Row":2,"Column":6,"Box":[357.0223,479.6768,85.5126,31.0955]},{"Row":3,"Column":0,"Box":[388.1178,55.8567,187.7246,38.5814]},{"Row":3,"Column":1,"Box":[388.1178,243.5814,26.4888,38.5814]},{"Row":3,"Column":2,"Box":[388.1178,270.0701,54.1292,38.5814]},{"Row":3,"Column":3,"Box":[388.1178,324.1993,58.1601,38.5814]},{"Row":3,"Column":4,"Box":[388.1178,382.3594,38.5814,38.5814]},{"Row":3,"Column":5,"Box":[388.1178,420.9408,58.7359,38.5814]},{"Row":3,"Column":6,"Box":[388.1178,479.6768,85.5126,38.5814]},{"Row":4,"Column":0,"Box":[426.6993,55.8567,187.7246,40.309]},{"Row":4,"Column":1,"Box":[426.6993,243.5814,26.4888,40.309]},{"Row":4,"Column":2,"Box":[426.6993,270.0701,54.1292,40.309]},{"Row":4,"Column":3,"Box":[426.6993,324.1993,58.1601,40.309]},{"Row":4,"Column":4,"Box":[426.6993,382.3594,38.5814,40.309]},{"Row":4,"Column":5,"Box":[426.6993,420.9408,58.7359,40.309]},{"Row":4,"Column":6,"Box":[426.6993,479.6768,85.5126,40.309]},{"Row":5,"Column":0,"Box":[467.0082,55.8567,187.7246,41.4607]},{"Row":5,"Column":1,"Box":[467.0082,243.5814,26.4888,41.4607]},{"Row":5,"Column":2,"Box":[467.0082,270.0701,54.1292,41.4607]},{"Row":5,"Column":3,"Box":[467.0082,324.1993,58.1601,41.4607]},{"Row":5,"Column":4,"Box":[467.0082,382.3594,38.5814,41.4607]},{"Row":5,"Column":5,"Box":[467.0082,420.9408,58.7359,41.4607]},{"Row":5,"Column":6,"Box":[467.0082,479.6768,85.5126,41.4607]},{"Row":6,"Column":0,"Box":[508.4689,55.8567,187.7246,25.625]},{"Row":6,"Column":1,"Box":[508.4689,243.5814,26.4888,25.625]},{"Row":6,"Column":2,"Box":[508.4689,270.0701,54.1292,25.625]},{"Row":6,"Column":3,"Box":[508.4689,324.1993,58.1601,25.625]},{"Row":6,"Column":4,"Box":[508.4689,382.3594,38.5814,25.625]},{"Row":6,"Column":5,"Box":[508.4689,420.9408,58.7359,25.625]},{"Row":6,"Column":6,"Box":[508.4689,479.6768,85.5126,25.625]}]}]}],"AnchorBasedConfiguration":{"AnchorBasedFieldConfiguration":[{"FieldId":"invoice.invoice.invoice.Furnizor","FieldDescriptors":[{"PageIndexAtDesignTime":0,"Offset":[-7.8146,17.7097,83.9402,14.4192],"Target":{"Text":"Furnizor:","Area":[109.797,68.111,29.197,9.233]},"Anchors":[{"Text":"Factura","Area":[79.42,68.111,69.36,26.38]}]}]},{"FieldId":"invoice.invoice.invoice.CUI","FieldDescriptors":[{"PageIndexAtDesignTime":0,"Offset":[-3.8281,25.5371,43.7498,8.5099],"Target":{"Text":"C.I.F.:","Area":[127.297,68.111,17.815,9.233]},"Anchors":[{"Text":"ord.registru","Area":[118.547,80.256,39.011,9.233]},{"Text":"Capital","Area":[136.047,68.111,22.939,9.233]},{"Text":"social","Area":[136.047,92.982,18.459,9.233]},{"Text":"RO 14399840","Area":[126.989,103.111,41.923,10.059]}]}]},{"FieldId":"invoice.invoice.invoice.J","FieldDescriptors":[{"PageIndexAtDesignTime":0,"Offset":[-4.9292,45.8002,47.9053,10.5324],"Target":{"Text":"Nr. ord.registru com./an:","Area":[118.547,68.111,82.033,9.233]},"Anchors":[{"Text":"Furnizor:","Area":[109.797,68.111,29.197,9.233]},{"Text":"C.I.F.:","Area":[127.297,68.111,17.815,9.233]}]}]},{"FieldId":"invoice.invoice.invoice.Nrfactura","FieldDescriptors":[{"PageIndexAtDesignTime":0,"Offset":[-7.1201,19.087,52.012,15.9641],"Target":{"Text":"Nr factura:","Area":[29.797,432.835,35.462,9.233]},"Anchors":[]}]},{"FieldId":"invoice.invoice.invoice.Data","FieldDescriptors":[{"PageIndexAtDesignTime":0,"Offset":[-4.0918,41.0197,39.7512,9.8529],"Target":{"Text":"Data","Area":[38.547,313.111,15.414,9.233]},"Anchors":[{"Text":"Seria:","Area":[29.797,313.111,18.151,9.233]}]}]},{"FieldId":"invoice.invoice.invoice.Totaldeplata","FieldDescriptors":[{"PageIndexAtDesignTime":0,"Offset":[11.6349,87.6332,43.7725,28.3234],"Target":{"Text":"Total de plata","Area":[689.983,402.835,56.214,12.933]},"Anchors":[]}]},{"FieldId":"invoice.invoice.invoice.TotalfaraTVA","FieldDescriptors":[{"PageIndexAtDesignTime":0,"Offset":[-5.6377,45.2163,32.4431,11.8443],"Target":{"Text":"Total","Area":[663.483,417.723,20.637,12.933]},"Anchors":[]}]}]}}