{"DocumentId":"607c13e77ebe3","ContentType":"application/pdf","Length":2602,"Pages":[{"PageIndex":0,"Size":[0.0,0.0,595.0,841.0],"Sections":[{"IndexInText":0,"Language":"eng","Length":11,"Rotation":"None","SkewAngle":0.0,"Type":"Paragraph","WordGroups":[{"IndexInText":0,"Length":11,"Type":"Other","Words":[{"Box":[29.797,313.111,18.151,9.233],"Polygon":[313.111,29.797,331.262,29.797,331.262,39.03,313.111,39.03],"IndexInText":0,"OcrConfidence":1.0,"Text":"Seria:","VisualLineNumber":0},{"Box":[29.489,363.111,21.56,10.059],"Polygon":[363.111,29.489,384.671,29.489,384.671,39.548,363.111,39.548],"IndexInText":7,"OcrConfidence":1.0,"Text":"ROWH","VisualLineNumber":0}]}]},{"IndexInText":13,"Language":"ron","Length":25,"Rotation":"None","SkewAngle":0.0,"Type":"Paragraph","WordGroups":[{"IndexInText":13,"Length":25,"Type":"Other","Words":[{"Box":[38.547,313.111,15.414,9.233],"Polygon":[313.111,38.547,328.525,38.547,328.525,47.78,313.111,47.78],"IndexInText":13,"OcrConfidence":1.0,"Text":"Data","VisualLineNumber":1},{"Box":[38.547,330.457,8.729,9.233],"Polygon":[330.457,38.547,339.186,38.547,339.186,47.78,330.457,47.78],"IndexInText":18,"OcrConfidence":1.0,"Text":"(Z,","VisualLineNumber":1},{"Box":[38.547,341.118,5.474,9.233],"Polygon":[341.118,38.547,346.592,38.547,346.592,47.78,341.118,47.78],"IndexInText":22,"OcrConfidence":1.0,"Text":"L,","VisualLineNumber":1},{"Box":[38.547,348.524,7.504,9.233],"Polygon":[348.524,38.547,356.028,38.547,356.028,47.78,348.524,47.78],"IndexInText":25,"OcrConfidence":1.0,"Text":"A)","VisualLineNumber":1},{"Box":[38.239,363.111,35.504,10.059],"Polygon":[363.111,38.239,398.615,38.239,398.615,48.298,363.111,48.298],"IndexInText":28,"OcrConfidence":1.0,"Text":"27-03-2021","VisualLineNumber":1}]}]},{"IndexInText":40,"Language":"ron","Length":24,"Rotation":"None","SkewAngle":0.0,"Type":"Paragraph","WordGroups":[{"IndexInText":40,"Length":24,"Type":"Other","Words":[{"Box":[29.797,432.835,8.316,9.233],"Polygon":[432.835,29.797,441.151,29.797,441.151,39.03,432.835,39.03],"IndexInText":40,"OcrConfidence":1.0,"Text":"Nr","VisualLineNumber":0},{"Box":[29.797,443.083,25.214,9.233],"Polygon":[443.083,29.797,468.297,29.797,468.297,39.03,443.083,39.03],"IndexInText":43,"OcrConfidence":1.0,"Text":"factura:","VisualLineNumber":0},{"Box":[29.797,470.229,48.3,9.233],"Polygon":[470.229,29.797,518.529,29.797,518.529,39.03,470.229,39.03],"IndexInText":52,"OcrConfidence":1.0,"Text":"219915659598","VisualLineNumber":0}]}]},{"IndexInText":66,"Language":"ron","Length":7,"Rotation":"None","SkewAngle":0.0,"Type":"Paragraph","WordGroups":[{"IndexInText":66,"Length":7,"Type":"Heading","Words":[{"Box":[79.42,68.111,69.36,26.38],"Polygon":[68.111,79.42,137.471,79.42,137.471,105.8,68.111,105.8],"IndexInText":66,"OcrConfidence":1.0,"Text":"Factura","VisualLineNumber":2}]}]},{"IndexInText":75,"Language":"fra","Length":34,"Rotation":"None","SkewAngle":0.0,"Type":"Paragraph","WordGroups":[{"IndexInText":75,"Length":34,"Type":"Other","Words":[{"Box":[109.797,68.111,29.197,9.233],"Polygon":[68.111,109.797,97.308,109.797,97.308,119.03,68.111,119.03],"IndexInText":75,"OcrConfidence":1.0,"Text":"Furnizor:","VisualLineNumber":3},{"Box":[109.489,103.111,18.998,10.059],"Polygon":[103.111,109.489,122.109,109.489,122.109,119.548,103.111,119.548],"IndexInText":85,"OcrConfidence":1.0,"Text":"Dante","VisualLineNumber":3},{"Box":[109.489,124.034,40.789,10.059],"Polygon":[124.034,109.489,164.823,109.489,164.823,119.548,124.034,119.548],"IndexInText":91,"OcrConfidence":1.0,"Text":"International","VisualLineNumber":3},{"Box":[109.489,166.748,11.879,10.059],"Polygon":[166.748,109.489,178.627,109.489,178.627,119.548,166.748,119.548],"IndexInText":105,"OcrConfidence":1.0,"Text":"S.A.","VisualLineNumber":3}]}]},{"IndexInText":111,"Language":"ron","Length":38,"Rotation":"None","SkewAngle":0.0,"Type":"Paragraph","WordGroups":[{"IndexInText":111,"Length":38,"Type":"Other","Words":[{"Box":[118.547,68.111,10.213,9.233],"Polygon":[68.111,118.547,78.324,118.547,78.324,127.78,68.111,127.78],"IndexInText":111,"OcrConfidence":1.0,"Text":"Nr.","VisualLineNumber":4},{"Box":[118.547,80.256,39.011,9.233],"Polygon":[80.256,118.547,119.267,118.547,119.267,127.78,80.256,127.78],"IndexInText":115,"OcrConfidence":1.0,"Text":"ord.registru","VisualLineNumber":4},{"Box":[118.547,121.199,28.945,9.233],"Polygon":[121.199,118.547,150.144,118.547,150.144,127.78,121.199,127.78],"IndexInText":128,"OcrConfidence":1.0,"Text":"com./an:","VisualLineNumber":4},{"Box":[118.239,157.144,43.547,10.059],"Polygon":[157.144,118.239,200.691,118.239,200.691,128.298,157.144,128.298],"IndexInText":137,"OcrConfidence":1.0,"Text":"J40/372/2002","VisualLineNumber":4}]}]},{"IndexInText":151,"Language":"ita","Length":19,"Rotation":"None","SkewAngle":0.0,"Type":"Paragraph","WordGroups":[{"IndexInText":151,"Length":19,"Type":"Other","Words":[{"Box":[127.297,68.111,17.815,9.233],"Polygon":[68.111,127.297,85.926,127.297,85.926,136.53,68.111,136.53],"IndexInText":151,"OcrConfidence":1.0,"Text":"C.I.F.:","VisualLineNumber":5},{"Box":[126.989,103.111,9.653,10.059],"Polygon":[103.111,126.989,112.764,126.989,112.764,137.048,103.111,137.048],"IndexInText":159,"OcrConfidence":1.0,"Text":"RO","VisualLineNumber":5},{"Box":[126.989,114.689,30.345,10.059],"Polygon":[114.689,126.989,145.034,126.989,145.034,137.048,114.689,137.048],"IndexInText":162,"OcrConfidence":1.0,"Text":"14399840","VisualLineNumber":5}]}]},{"IndexInText":172,"Language":"ron","Length":44,"Rotation":"None","SkewAngle":0.0,"Type":"Paragraph","WordGroups":[{"IndexInText":172,"Length":44,"Type":"Other","Words":[{"Box":[136.047,68.111,22.939,9.233],"Polygon":[68.111,136.047,91.05,136.047,91.05,145.28,68.111,145.28],"IndexInText":172,"OcrConfidence":1.0,"Text":"Capital","VisualLineNumber":6},{"Box":[136.047,92.982,18.459,9.233],"Polygon":[92.982,136.047,111.441,136.047,111.441,145.28,92.982,145.28],"IndexInText":180,"OcrConfidence":1.0,"Text":"social","VisualLineNumber":6},{"Box":[136.047,113.373,25.949,9.233],"Polygon":[113.373,136.047,139.322,136.047,139.322,145.28,113.373,145.28],"IndexInText":187,"OcrConfidence":1.0,"Text":"subscris","VisualLineNumber":6},{"Box":[136.047,141.254,5.068,9.233],"Polygon":[141.254,136.047,146.322,136.047,146.322,145.28,141.254,145.28],"IndexInText":196,"OcrConfidence":1.0,"Text":"si","VisualLineNumber":6},{"Box":[136.047,148.254,21.812,9.233],"Polygon":[148.254,136.047,170.066,136.047,170.066,145.28,148.254,145.28],"IndexInText":199,"OcrConfidence":1.0,"Text":"varsat:","VisualLineNumber":6},{"Box":[135.739,177.066,28.574,10.059],"Polygon":[177.066,135.739,205.64,135.739,205.64,145.798,177.066,145.798],"IndexInText":207,"OcrConfidence":1.0,"Text":"1.310.243","VisualLineNumber":6}]}]},{"IndexInText":218,"Language":"ron","Length":35,"Rotation":"None","SkewAngle":0.0,"Type":"Paragraph","WordGroups":[{"IndexInText":218,"Length":35,"Type":"Other","Words":[{"Box":[144.797,68.111,17.5,9.233],"Polygon":[68.111,144.797,85.611,144.797,85.611,154.03,68.111,154.03],"IndexInText":218,"OcrConfidence":1.0,"Text":"Cont:","VisualLineNumber":7},{"Box":[144.489,103.111,17.444,10.059],"Polygon":[103.111,144.489,120.555,144.489,120.555,154.548,103.111,154.548],"IndexInText":224,"OcrConfidence":1.0,"Text":"RO26","VisualLineNumber":7},{"Box":[144.489,122.48,15.96,10.059],"Polygon":[122.48,144.489,138.44,144.489,138.44,154.548,122.48,154.548],"IndexInText":229,"OcrConfidence":1.0,"Text":"TREZ","VisualLineNumber":7},{"Box":[144.489,140.365,15.407,10.059],"Polygon":[140.365,144.489,155.772,144.489,155.772,154.548,140.365,154.548],"IndexInText":234,"OcrConfidence":1.0,"Text":"7005","VisualLineNumber":7},{"Box":[144.489,157.697,16.03,10.059],"Polygon":[157.697,144.489,173.727,144.489,173.727,154.548,157.697,154.548],"IndexInText":239,"OcrConfidence":1.0,"Text":"069X","VisualLineNumber":7},{"Box":[144.489,175.652,16.436,10.059],"Polygon":[175.652,144.489,192.088,144.489,192.088,154.548,175.652,154.548],"IndexInText":244,"OcrConfidence":1.0,"Text":"XX00","VisualLineNumber":7},{"Box":[144.489,194.013,14.357,10.059],"Polygon":[194.013,144.489,208.37,144.489,208.37,154.548,194.013,154.548],"IndexInText":249,"OcrConfidence":1.0,"Text":"1637","VisualLineNumber":7}]}]},{"IndexInText":255,"Language":"ron","Length":67,"Rotation":"None","SkewAngle":0.0,"Type":"Paragraph","WordGroups":[{"IndexInText":255,"Length":67,"Type":"Other","Words":[{"Box":[153.547,68.111,21.511,9.233],"Polygon":[68.111,153.547,89.622,153.547,89.622,162.78,68.111,162.78],"IndexInText":255,"OcrConfidence":1.0,"Text":"Banca:","VisualLineNumber":8},{"Box":[153.239,103.111,32.039,10.059],"Polygon":[103.111,153.239,135.15,153.239,135.15,163.298,103.111,163.298],"IndexInText":262,"OcrConfidence":1.0,"Text":"Trezorerie","VisualLineNumber":8},{"Box":[153.239,137.075,4.844,10.059],"Polygon":[137.075,153.239,141.919,153.239,141.919,163.298,137.075,163.298],"IndexInText":273,"OcrConfidence":1.0,"Text":"si","VisualLineNumber":8},{"Box":[153.239,143.844,40.915,10.059],"Polygon":[143.844,153.239,184.759,153.239,184.759,163.298,143.844,163.298],"IndexInText":276,"OcrConfidence":1.0,"Text":"Contabilitate","VisualLineNumber":8},{"Box":[153.239,186.684,22.988,10.059],"Polygon":[186.684,153.239,209.672,153.239,209.672,163.298,186.684,163.298],"IndexInText":290,"OcrConfidence":1.0,"Text":"Publica","VisualLineNumber":8},{"Box":[153.239,211.597,3.654,10.059],"Polygon":[211.597,153.239,215.251,153.239,215.251,163.298,211.597,163.298],"IndexInText":298,"OcrConfidence":1.0,"Text":"a","VisualLineNumber":8},{"Box":[153.239,217.176,39.438,10.059],"Polygon":[217.176,153.239,256.614,153.239,256.614,163.298,217.176,163.298],"IndexInText":300,"OcrConfidence":1.0,"Text":"Municipiului","VisualLineNumber":8},{"Box":[161.989,103.111,29.358,10.059],"Polygon":[103.111,161.989,132.469,161.989,132.469,172.048,103.111,172.048],"IndexInText":313,"OcrConfidence":1.0,"Text":"Bucuresti","VisualLineNumber":9}]}]},{"IndexInText":324,"Language":"ita","Length":45,"Rotation":"None","SkewAngle":0.0,"Type":"Paragraph","WordGroups":[{"IndexInText":324,"Length":45,"Type":"Heading","Words":[{"Box":[171.047,68.111,14.217,9.233],"Polygon":[68.111,171.047,82.328,171.047,82.328,180.28,68.111,180.28],"IndexInText":324,"OcrConfidence":1.0,"Text":"BRD","VisualLineNumber":10},{"Box":[171.047,84.26,31.143,9.233],"Polygon":[84.26,171.047,115.403,171.047,115.403,180.28,84.26,180.28],"IndexInText":328,"OcrConfidence":1.0,"Text":"Sucursala","VisualLineNumber":10},{"Box":[171.047,117.335,15.239,9.233],"Polygon":[117.335,171.047,132.574,171.047,132.574,180.28,117.335,180.28],"IndexInText":338,"OcrConfidence":1.0,"Text":"Mari","VisualLineNumber":10},{"Box":[171.047,134.506,21.077,9.233],"Polygon":[134.506,171.047,155.583,171.047,155.583,180.28,134.506,180.28],"IndexInText":343,"OcrConfidence":1.0,"Text":"Clienti","VisualLineNumber":10},{"Box":[171.047,157.515,37.093,9.233],"Polygon":[157.515,171.047,194.608,171.047,194.608,180.28,157.515,180.28],"IndexInText":351,"OcrConfidence":1.0,"Text":"Corporativi","VisualLineNumber":10},{"Box":[171.047,196.54,24.528,9.233],"Polygon":[196.54,171.047,221.068,171.047,221.068,180.28,196.54,180.28],"IndexInText":363,"OcrConfidence":1.0,"Text":"(SMCC)","VisualLineNumber":10}]}]},{"IndexInText":371,"Language":"nor","Length":29,"Rotation":"None","SkewAngle":0.0,"Type":"Paragraph","WordGroups":[{"IndexInText":371,"Length":29,"Type":"Other","Words":[{"Box":[179.489,103.111,17.423,10.059],"Polygon":[103.111,179.489,120.534,179.489,120.534,189.548,103.111,189.548],"IndexInText":371,"OcrConfidence":1.0,"Text":"RO38","VisualLineNumber":11},{"Box":[179.489,122.459,17.234,10.059],"Polygon":[122.459,179.489,139.693,179.489,139.693,189.548,122.459,189.548],"IndexInText":376,"OcrConfidence":1.0,"Text":"BRDE","VisualLineNumber":11},{"Box":[179.489,141.618,15.61,10.059],"Polygon":[141.618,179.489,157.228,179.489,157.228,189.548,141.618,189.548],"IndexInText":381,"OcrConfidence":1.0,"Text":"450S","VisualLineNumber":11},{"Box":[179.489,159.153,16.149,10.059],"Polygon":[159.153,179.489,175.302,179.489,175.302,189.548,159.153,189.548],"IndexInText":386,"OcrConfidence":1.0,"Text":"V883","VisualLineNumber":11},{"Box":[179.489,177.227,15.428,10.059],"Polygon":[177.227,179.489,192.655,179.489,192.655,189.548,177.227,189.548],"IndexInText":391,"OcrConfidence":1.0,"Text":"7600","VisualLineNumber":11},{"Box":[179.489,194.58,15.687,10.059],"Polygon":[194.58,179.489,210.267,179.489,210.267,189.548,194.58,189.548],"IndexInText":396,"OcrConfidence":1.0,"Text":"4500","VisualLineNumber":11}]}]},{"IndexInText":402,"Language":"ron","Length":53,"Rotation":"None","SkewAngle":0.0,"Type":"Paragraph","WordGroups":[{"IndexInText":402,"Length":53,"Type":"Other","Words":[{"Box":[188.547,68.111,22.155,9.233],"Polygon":[68.111,188.547,90.266,188.547,90.266,197.78,68.111,197.78],"IndexInText":402,"OcrConfidence":1.0,"Text":"Sediul:","VisualLineNumber":12},{"Box":[188.239,103.111,10.731,10.059],"Polygon":[103.111,188.239,113.842,188.239,113.842,198.298,103.111,198.298],"IndexInText":410,"OcrConfidence":1.0,"Text":"148","VisualLineNumber":12},{"Box":[188.239,115.767,23.387,10.059],"Polygon":[115.767,188.239,139.154,188.239,139.154,198.298,115.767,198.298],"IndexInText":414,"OcrConfidence":1.0,"Text":"Virtutii,","VisualLineNumber":12},{"Box":[188.239,141.079,13.097,10.059],"Polygon":[141.079,188.239,154.176,188.239,154.176,198.298,141.079,198.298],"IndexInText":424,"OcrConfidence":1.0,"Text":"E47,","VisualLineNumber":12},{"Box":[188.239,156.101,20.111,10.059],"Polygon":[156.101,188.239,176.212,188.239,176.212,198.298,156.101,198.298],"IndexInText":429,"OcrConfidence":1.0,"Text":"Sector","VisualLineNumber":12},{"Box":[188.239,178.137,5.593,10.059],"Polygon":[178.137,188.239,183.73,188.239,183.73,198.298,178.137,198.298],"IndexInText":436,"OcrConfidence":1.0,"Text":"6,","VisualLineNumber":12},{"Box":[188.239,185.655,29.358,10.059],"Polygon":[185.655,188.239,215.013,188.239,215.013,198.298,185.655,198.298],"IndexInText":439,"OcrConfidence":1.0,"Text":"Bucuresti","VisualLineNumber":12},{"Box":[188.239,216.938,23.065,10.059],"Polygon":[216.938,188.239,240.003,188.239,240.003,198.298,216.938,198.298],"IndexInText":449,"OcrConfidence":1.0,"Text":"060787","VisualLineNumber":12}]}]},{"IndexInText":457,"Language":"fra","Length":44,"Rotation":"None","SkewAngle":0.0,"Type":"Paragraph","WordGroups":[{"IndexInText":457,"Length":44,"Type":"Other","Words":[{"Box":[197.297,68.111,11.774,9.233],"Polygon":[68.111,197.297,79.885,197.297,79.885,206.53,68.111,206.53],"IndexInText":457,"OcrConfidence":1.0,"Text":"Tel:","VisualLineNumber":13},{"Box":[196.989,86.885,12.775,10.059],"Polygon":[86.885,196.989,99.66,196.989,99.66,207.048,86.885,207.048],"IndexInText":462,"OcrConfidence":1.0,"Text":"+40","VisualLineNumber":13},{"Box":[196.989,101.585,6.699,10.059],"Polygon":[101.585,196.989,108.284,196.989,108.284,207.048,101.585,207.048],"IndexInText":466,"OcrConfidence":1.0,"Text":"21","VisualLineNumber":13},{"Box":[196.989,110.209,11.655,10.059],"Polygon":[110.209,196.989,121.864,196.989,121.864,207.048,110.209,207.048],"IndexInText":469,"OcrConfidence":1.0,"Text":"200","VisualLineNumber":13},{"Box":[196.989,123.789,7.77,10.059],"Polygon":[123.789,196.989,131.559,196.989,131.559,207.048,123.789,207.048],"IndexInText":473,"OcrConfidence":1.0,"Text":"52","VisualLineNumber":13},{"Box":[196.989,133.484,9.457,10.059],"Polygon":[133.484,196.989,142.941,196.989,142.941,207.048,133.484,207.048],"IndexInText":476,"OcrConfidence":1.0,"Text":"00,","VisualLineNumber":13},{"Box":[196.989,144.866,11.263,10.059],"Polygon":[144.866,196.989,156.129,196.989,156.129,207.048,144.866,207.048],"IndexInText":480,"OcrConfidence":1.0,"Text":"fax:","VisualLineNumber":13},{"Box":[196.989,158.054,12.775,10.059],"Polygon":[158.054,196.989,170.829,196.989,170.829,207.048,158.054,207.048],"IndexInText":485,"OcrConfidence":1.0,"Text":"+40","VisualLineNumber":13},{"Box":[196.989,172.754,6.699,10.059],"Polygon":[172.754,196.989,179.453,196.989,179.453,207.048,172.754,207.048],"IndexInText":489,"OcrConfidence":1.0,"Text":"21","VisualLineNumber":13},{"Box":[196.989,181.378,11.655,10.059],"Polygon":[181.378,196.989,193.033,196.989,193.033,207.048,181.378,207.048],"IndexInText":492,"OcrConfidence":1.0,"Text":"200","VisualLineNumber":13},{"Box":[196.989,194.958,7.77,10.059],"Polygon":[194.958,196.989,202.728,196.989,202.728,207.048,194.958,207.048],"IndexInText":496,"OcrConfidence":1.0,"Text":"52","VisualLineNumber":13},{"Box":[196.989,204.653,7.77,10.059],"Polygon":[204.653,196.989,212.423,196.989,212.423,207.048,204.653,207.048],"IndexInText":499,"OcrConfidence":1.0,"Text":"25","VisualLineNumber":13}]}]},{"IndexInText":503,"Language":"bul","Length":15,"Rotation":"None","SkewAngle":0.0,"Type":"Paragraph","WordGroups":[{"IndexInText":503,"Length":15,"Type":"Other","Words":[{"Box":[80.077,430.0,4.025,9.233],"Polygon":[430.0,80.077,434.025,80.077,434.025,89.31,430.0,89.31],"IndexInText":503,"OcrConfidence":1.0,"Text":"9","VisualLineNumber":2},{"Box":[80.077,443.4821,4.025,9.233],"Polygon":[443.4821,80.077,447.5071,80.077,447.5071,89.31,443.4821,89.31],"IndexInText":505,"OcrConfidence":1.0,"Text":"9","VisualLineNumber":2},{"Box":[80.077,456.9643,4.025,9.233],"Polygon":[456.9643,80.077,460.9893,80.077,460.9893,89.31,456.9643,89.31],"IndexInText":507,"OcrConfidence":1.0,"Text":"4","VisualLineNumber":2},{"Box":[80.077,470.4464,4.025,9.233],"Polygon":[470.4464,80.077,474.4714,80.077,474.4714,89.31,470.4464,89.31],"IndexInText":509,"OcrConfidence":1.0,"Text":"7","VisualLineNumber":2},{"Box":[80.077,483.9286,4.025,9.233],"Polygon":[483.9286,80.077,487.9536,80.077,487.9536,89.31,483.9286,89.31],"IndexInText":511,"OcrConfidence":1.0,"Text":"8","VisualLineNumber":2},{"Box":[80.077,497.4107,4.025,9.233],"Polygon":[497.4107,80.077,501.4357,80.077,501.4357,89.31,497.4107,89.31],"IndexInText":513,"OcrConfidence":1.0,"Text":"0","VisualLineNumber":2},{"Box":[80.077,510.8929,4.025,9.233],"Polygon":[510.8929,80.077,514.9179,80.077,514.9179,89.31,510.8929,89.31],"IndexInText":515,"OcrConfidence":1.0,"Text":"2","VisualLineNumber":2},{"Box":[80.077,524.375,4.025,9.233],"Polygon":[524.375,80.077,528.4,80.077,528.4,89.31,524.375,89.31],"IndexInText":517,"OcrConfidence":1.0,"Text":"6","VisualLineNumber":2}]}]},{"IndexInText":520,"Language":"ron","Length":51,"Rotation":"None","SkewAngle":0.0,"Type":"Paragraph","WordGroups":[{"IndexInText":520,"Length":51,"Type":"Heading","Words":[{"Box":[109.797,313.111,75.502,9.233],"Polygon":[313.111,109.797,388.613,109.797,388.613,119.03,313.111,119.03],"IndexInText":520,"OcrConfidence":1.0,"Text":"Cumparator(denumire,","VisualLineNumber":3},{"Box":[109.797,390.545,19.922,9.233],"Polygon":[390.545,109.797,410.467,109.797,410.467,119.03,390.545,119.03],"IndexInText":541,"OcrConfidence":1.0,"Text":"forma","VisualLineNumber":3},{"Box":[109.797,412.399,27.027,9.233],"Polygon":[412.399,109.797,439.426,109.797,439.426,119.03,412.399,119.03],"IndexInText":547,"OcrConfidence":1.0,"Text":"juridica)","VisualLineNumber":3},{"Box":[118.547,313.111,23.142,9.233],"Polygon":[313.111,118.547,336.253,118.547,336.253,127.78,313.111,127.78],"IndexInText":557,"OcrConfidence":1.0,"Text":"Ielcean","VisualLineNumber":4},{"Box":[118.547,338.185,25.284,9.233],"Polygon":[338.185,118.547,363.469,118.547,363.469,127.78,338.185,127.78],"IndexInText":565,"OcrConfidence":1.0,"Text":"bogdan","VisualLineNumber":4}]}]},{"IndexInText":573,"Language":"ron","Length":71,"Rotation":"None","SkewAngle":0.0,"Type":"Paragraph","WordGroups":[{"IndexInText":573,"Length":71,"Type":"Other","Words":[{"Box":[144.797,313.111,20.258,9.233],"Polygon":[313.111,144.797,333.369,144.797,333.369,154.03,313.111,154.03],"IndexInText":573,"OcrConfidence":1.0,"Text":"Sediul","VisualLineNumber":7},{"Box":[144.489,348.111,19.663,10.059],"Polygon":[348.111,144.489,367.774,144.489,367.774,154.548,348.111,154.548],"IndexInText":580,"OcrConfidence":1.0,"Text":"strada","VisualLineNumber":7},{"Box":[144.489,369.699,21.546,10.059],"Polygon":[369.699,144.489,391.245,144.489,391.245,154.548,369.699,154.548],"IndexInText":587,"OcrConfidence":1.0,"Text":"Mircea","VisualLineNumber":7},{"Box":[144.489,393.17,18.872,10.059],"Polygon":[393.17,144.489,412.042,144.489,412.042,154.548,393.17,154.548],"IndexInText":594,"OcrConfidence":1.0,"Text":"Eliade","VisualLineNumber":7},{"Box":[144.489,413.967,17.962,10.059],"Polygon":[413.967,144.489,431.929,144.489,431.929,154.548,413.967,154.548],"IndexInText":601,"OcrConfidence":1.0,"Text":"nr.45,","VisualLineNumber":7},{"Box":[144.489,433.854,13.517,10.059],"Polygon":[433.854,144.489,447.371,144.489,447.371,154.548,433.854,154.548],"IndexInText":608,"OcrConfidence":1.0,"Text":"bloc","VisualLineNumber":7},{"Box":[144.489,449.296,6.384,10.059],"Polygon":[449.296,144.489,455.68,144.489,455.68,154.548,449.296,154.548],"IndexInText":613,"OcrConfidence":1.0,"Text":"A,","VisualLineNumber":7},{"Box":[144.489,457.605,36.827,10.059],"Polygon":[457.605,144.489,494.432,144.489,494.432,154.548,457.605,154.548],"IndexInText":616,"OcrConfidence":1.0,"Text":"apartament","VisualLineNumber":7},{"Box":[144.489,496.357,3.885,10.059],"Polygon":[496.357,144.489,500.242,144.489,500.242,154.548,496.357,154.548],"IndexInText":627,"OcrConfidence":1.0,"Text":"8","VisualLineNumber":7},{"Box":[144.489,502.167,39.263,10.059],"Polygon":[502.167,144.489,541.43,144.489,541.43,154.548,502.167,154.548],"IndexInText":629,"OcrConfidence":1.0,"Text":"Cluj-Napoca","VisualLineNumber":7},{"Box":[153.239,348.111,2.814,10.059],"Polygon":[348.111,153.239,350.925,153.239,350.925,163.298,348.111,163.298],"IndexInText":641,"OcrConfidence":1.0,"Text":"-","VisualLineNumber":8},{"Box":[161.989,348.111,2.814,10.059],"Polygon":[348.111,161.989,350.925,161.989,350.925,172.048,348.111,172.048],"IndexInText":643,"OcrConfidence":1.0,"Text":"-","VisualLineNumber":9}]}]},{"IndexInText":646,"Language":"ron","Length":12,"Rotation":"None","SkewAngle":0.0,"Type":"Paragraph","WordGroups":[{"IndexInText":646,"Length":12,"Type":"Heading","Words":[{"Box":[171.047,313.111,24.416,9.233],"Polygon":[313.111,171.047,337.527,171.047,337.527,180.28,313.111,180.28],"IndexInText":646,"OcrConfidence":1.0,"Text":"Judetul","VisualLineNumber":10},{"Box":[170.739,348.111,12.082,10.059],"Polygon":[348.111,170.739,360.193,170.739,360.193,180.798,348.111,180.798],"IndexInText":654,"OcrConfidence":1.0,"Text":"Cluj","VisualLineNumber":10}]}]},{"IndexInText":660,"Language":"ron","Length":8,"Rotation":"None","SkewAngle":0.0,"Type":"Paragraph","WordGroups":[{"IndexInText":660,"Length":8,"Type":"Heading","Words":[{"Box":[179.797,313.111,21.826,9.233],"Polygon":[313.111,179.797,334.937,179.797,334.937,189.03,313.111,189.03],"IndexInText":660,"OcrConfidence":1.0,"Text":"Contul","VisualLineNumber":11},{"Box":[179.489,348.111,2.814,10.059],"Polygon":[348.111,179.489,350.925,179.489,350.925,189.548,348.111,189.548],"IndexInText":667,"OcrConfidence":1.0,"Text":"-","VisualLineNumber":11}]}]},{"IndexInText":670,"Language":"zlm","Length":7,"Rotation":"None","SkewAngle":0.0,"Type":"Paragraph","WordGroups":[{"IndexInText":670,"Length":7,"Type":"Heading","Words":[{"Box":[188.547,313.111,19.614,9.233],"Polygon":[313.111,188.547,332.725,188.547,332.725,197.78,313.111,197.78],"IndexInText":670,"OcrConfidence":1.0,"Text":"Banca","VisualLineNumber":12},{"Box":[188.239,348.111,2.814,10.059],"Polygon":[348.111,188.239,350.925,188.239,350.925,198.298,348.111,198.298],"IndexInText":676,"OcrConfidence":1.0,"Text":"-","VisualLineNumber":12}]}]},{"IndexInText":679,"Language":"ron","Length":93,"Rotation":"None","SkewAngle":0.0,"Type":"Paragraph","WordGroups":[{"IndexInText":679,"Length":93,"Type":"Other","Words":[{"Box":[233.343,37.1809,12.402,12.933],"Polygon":[37.1809,233.343,49.5829,233.343,49.5829,246.276,37.1809,246.276],"IndexInText":679,"OcrConfidence":1.0,"Text":"Nr.","VisualLineNumber":14},{"Box":[233.343,72.1011,44.856,12.933],"Polygon":[72.1011,233.343,116.9571,233.343,116.9571,246.276,72.1011,246.276],"IndexInText":683,"OcrConfidence":1.0,"Text":"Denumirea","VisualLineNumber":14},{"Box":[233.343,119.4321,44.514,12.933],"Polygon":[119.4321,233.343,163.9461,233.343,163.9461,246.276,119.4321,246.276],"IndexInText":693,"OcrConfidence":1.0,"Text":"produselor","VisualLineNumber":14},{"Box":[233.343,166.4211,13.824,12.933],"Polygon":[166.4211,233.343,180.2451,233.343,180.2451,246.276,166.4211,246.276],"IndexInText":704,"OcrConfidence":1.0,"Text":"sau","VisualLineNumber":14},{"Box":[233.343,182.7201,4.698,12.933],"Polygon":[182.7201,233.343,187.4181,233.343,187.4181,246.276,182.7201,246.276],"IndexInText":708,"OcrConfidence":1.0,"Text":"a","VisualLineNumber":14},{"Box":[233.343,189.8931,38.88,12.933],"Polygon":[189.8931,233.343,228.7731,233.343,228.7731,246.276,189.8931,246.276],"IndexInText":710,"OcrConfidence":1.0,"Text":"serviciilor","VisualLineNumber":14},{"Box":[233.343,248.0018,18.981,12.933],"Polygon":[248.0018,233.343,266.9828,233.343,266.9828,246.276,248.0018,246.276],"IndexInText":722,"OcrConfidence":1.0,"Text":"U.M.","VisualLineNumber":14},{"Box":[233.343,276.7355,41.805,12.933],"Polygon":[276.7355,233.343,318.5405,233.343,318.5405,246.276,276.7355,246.276],"IndexInText":727,"OcrConfidence":1.0,"Text":"Cantitatea","VisualLineNumber":14},{"Box":[233.343,332.2375,16.614,12.933],"Polygon":[332.2375,233.343,348.8515,233.343,348.8515,246.276,332.2375,246.276],"IndexInText":738,"OcrConfidence":1.0,"Text":"Pret","VisualLineNumber":14},{"Box":[233.343,351.3265,24.12,12.933],"Polygon":[351.3265,233.343,375.4465,233.343,375.4465,246.276,351.3265,246.276],"IndexInText":743,"OcrConfidence":1.0,"Text":"unitar","VisualLineNumber":14},{"Box":[233.343,392.5623,18.909,12.933],"Polygon":[392.5623,233.343,411.4713,233.343,411.4713,246.276,392.5623,246.276],"IndexInText":750,"OcrConfidence":1.0,"Text":"Cota","VisualLineNumber":14},{"Box":[233.343,432.3402,35.703,12.933],"Polygon":[432.3402,233.343,468.0432,233.343,468.0432,246.276,432.3402,246.276],"IndexInText":755,"OcrConfidence":1.0,"Text":"Valoarea","VisualLineNumber":14},{"Box":[233.343,504.6024,35.703,12.933],"Polygon":[504.6024,233.343,540.3054,233.343,540.3054,246.276,504.6024,246.276],"IndexInText":764,"OcrConfidence":1.0,"Text":"Valoarea","VisualLineNumber":14}]}]},{"IndexInText":774,"Language":"eng","Length":4,"Rotation":"None","SkewAngle":0.0,"Type":"Paragraph","WordGroups":[{"IndexInText":774,"Length":4,"Type":"Other","Words":[{"Box":[244.593,36.8929,12.978,12.933],"Polygon":[36.8929,244.593,49.8709,244.593,49.8709,257.526,36.8929,257.526],"IndexInText":774,"OcrConfidence":1.0,"Text":"crt.","VisualLineNumber":15}]}]},{"IndexInText":780,"Language":"ron","Length":36,"Rotation":"None","SkewAngle":0.0,"Type":"Paragraph","WordGroups":[{"IndexInText":780,"Length":36,"Type":"Other","Words":[{"Box":[244.593,330.055,18.819,12.933],"Polygon":[330.055,244.593,348.874,244.593,348.874,257.526,330.055,257.526],"IndexInText":780,"OcrConfidence":1.0,"Text":"(fara","VisualLineNumber":15},{"Box":[244.593,351.349,26.28,12.933],"Polygon":[351.349,244.593,377.629,244.593,377.629,257.526,351.349,257.526],"IndexInText":786,"OcrConfidence":1.0,"Text":"T.V.A.)","VisualLineNumber":15},{"Box":[244.593,390.3708,23.292,12.933],"Polygon":[390.3708,244.593,413.6628,244.593,413.6628,257.526,390.3708,257.526],"IndexInText":794,"OcrConfidence":1.0,"Text":"T.V.A.","VisualLineNumber":15},{"Box":[244.593,441.8352,16.713,12.933],"Polygon":[441.8352,244.593,458.5482,244.593,458.5482,257.526,441.8352,257.526],"IndexInText":801,"OcrConfidence":1.0,"Text":"-lei-","VisualLineNumber":15},{"Box":[255.843,345.4855,16.713,12.933],"Polygon":[345.4855,255.843,362.1985,255.843,362.1985,268.776,345.4855,268.776],"IndexInText":807,"OcrConfidence":1.0,"Text":"-lei-","VisualLineNumber":16},{"Box":[255.843,394.6188,14.796,12.933],"Polygon":[394.6188,255.843,409.4148,255.843,409.4148,268.776,394.6188,268.776],"IndexInText":813,"OcrConfidence":1.0,"Text":"-%-","VisualLineNumber":16}]}]},{"IndexInText":818,"Language":"ron","Length":12,"Rotation":"None","SkewAngle":0.0,"Type":"Paragraph","WordGroups":[{"IndexInText":818,"Length":12,"Type":"Other","Words":[{"Box":[244.593,510.8079,23.292,12.933],"Polygon":[510.8079,244.593,534.0999,244.593,534.0999,257.526,510.8079,257.526],"IndexInText":818,"OcrConfidence":1.0,"Text":"T.V.A.","VisualLineNumber":15},{"Box":[255.843,514.0974,16.713,12.933],"Polygon":[514.0974,255.843,530.8104,255.843,530.8104,268.776,514.0974,268.776],"IndexInText":825,"OcrConfidence":1.0,"Text":"-lei-","VisualLineNumber":16}]}]},{"IndexInText":832,"Language":"zho","Length":25,"Rotation":"None","SkewAngle":0.0,"Type":"Paragraph","WordGroups":[{"IndexInText":832,"Length":25,"Type":"Other","Words":[{"Box":[267.093,40.8844,4.995,12.933],"Polygon":[40.8844,267.093,45.8794,267.093,45.8794,280.026,40.8844,280.026],"IndexInText":832,"OcrConfidence":1.0,"Text":"0","VisualLineNumber":17},{"Box":[267.093,148.6281,3.618,12.933],"Polygon":[148.6281,267.093,152.2461,267.093,152.2461,280.026,148.6281,280.026],"IndexInText":834,"OcrConfidence":1.0,"Text":"1","VisualLineNumber":17},{"Box":[267.093,254.9948,4.995,12.933],"Polygon":[254.9948,267.093,259.9898,267.093,259.9898,280.026,254.9948,280.026],"IndexInText":836,"OcrConfidence":1.0,"Text":"2","VisualLineNumber":17},{"Box":[267.093,295.1405,4.995,12.933],"Polygon":[295.1405,267.093,300.1355,267.093,300.1355,280.026,295.1405,280.026],"IndexInText":838,"OcrConfidence":1.0,"Text":"3","VisualLineNumber":17},{"Box":[267.093,351.25,5.184,12.933],"Polygon":[351.25,267.093,356.434,267.093,356.434,280.026,351.25,280.026],"IndexInText":840,"OcrConfidence":1.0,"Text":"4","VisualLineNumber":17},{"Box":[267.093,399.5193,4.995,12.933],"Polygon":[399.5193,267.093,404.5143,267.093,404.5143,280.026,399.5193,280.026],"IndexInText":842,"OcrConfidence":1.0,"Text":"5","VisualLineNumber":17},{"Box":[267.093,437.3487,25.686,12.933],"Polygon":[437.3487,267.093,463.0347,267.093,463.0347,280.026,437.3487,280.026],"IndexInText":844,"OcrConfidence":1.0,"Text":"6(3x4)","VisualLineNumber":17},{"Box":[267.093,509.7909,25.326,12.933],"Polygon":[509.7909,267.093,535.1169,267.093,535.1169,280.026,509.7909,280.026],"IndexInText":851,"OcrConfidence":1.0,"Text":"7(6x5)","VisualLineNumber":17}]}]},{"IndexInText":859,"Language":"eng","Length":1007,"Rotation":"None","SkewAngle":0.0,"Type":"Table","WordGroups":[{"IndexInText":859,"Length":33,"Type":"TableCell","Words":[{"Box":[289.916,40.3564,3.216,11.496],"Polygon":[40.3564,289.916,43.5724,289.916,43.5724,301.412,40.3564,301.412],"IndexInText":859,"OcrConfidence":1.0,"Text":"1","VisualLineNumber":18},{"Box":[289.916,59.5988,11.704,11.496],"Polygon":[59.5988,289.916,71.3028,289.916,71.3028,301.412,59.5988,301.412],"IndexInText":861,"OcrConfidence":1.0,"Text":"Joc","VisualLineNumber":18},{"Box":[289.916,73.5028,34.0,11.496],"Polygon":[73.5028,289.916,107.5028,289.916,107.5028,301.412,73.5028,301.412],"IndexInText":865,"OcrConfidence":1.0,"Text":"Asmodee","VisualLineNumber":18},{"Box":[289.916,109.7028,3.216,11.496],"Polygon":[109.7028,289.916,112.9188,289.916,112.9188,301.412,109.7028,301.412],"IndexInText":873,"OcrConfidence":1.0,"Text":"-","VisualLineNumber":18},{"Box":[289.916,115.1188,36.24,11.496],"Polygon":[115.1188,289.916,151.3588,289.916,151.3588,301.412,115.1188,301.412],"IndexInText":875,"OcrConfidence":1.0,"Text":"Exploding","VisualLineNumber":18},{"Box":[289.916,153.5588,25.112,11.496],"Polygon":[153.5588,289.916,178.6708,289.916,178.6708,301.412,153.5588,301.412],"IndexInText":885,"OcrConfidence":1.0,"Text":"Kittens","VisualLineNumber":18}]},{"IndexInText":904,"Length":3,"Type":"TableCell","Words":[{"Box":[289.916,249.4508,13.248,11.496],"Polygon":[249.4508,289.916,262.6988,289.916,262.6988,301.412,249.4508,301.412],"IndexInText":904,"OcrConfidence":1.0,"Text":"buc","VisualLineNumber":18}]},{"IndexInText":910,"Length":1,"Type":"TableCell","Words":[{"Box":[289.916,294.6125,3.216,11.496],"Polygon":[294.6125,289.916,297.8285,289.916,297.8285,301.412,294.6125,301.412],"IndexInText":910,"OcrConfidence":1.0,"Text":"1","VisualLineNumber":18}]},{"IndexInText":914,"Length":6,"Type":"TableCell","Words":[{"Box":[289.916,354.5162,23.096,11.496],"Polygon":[354.5162,289.916,377.6122,289.916,377.6122,301.412,354.5162,301.412],"IndexInText":914,"OcrConfidence":1.0,"Text":"126,04","VisualLineNumber":18}]},{"IndexInText":923,"Length":2,"Type":"TableCell","Words":[{"Box":[289.916,407.4015,7.68,11.496],"Polygon":[407.4015,289.916,415.0815,289.916,415.0815,301.412,407.4015,301.412],"IndexInText":923,"OcrConfidence":1.0,"Text":"19","VisualLineNumber":18}]},{"IndexInText":928,"Length":6,"Type":"TableCell","Words":[{"Box":[289.916,450.8658,23.096,11.496],"Polygon":[450.8658,289.916,473.9618,289.916,473.9618,301.412,450.8658,301.412],"IndexInText":928,"OcrConfidence":1.0,"Text":"126,04","VisualLineNumber":18}]},{"IndexInText":937,"Length":5,"Type":"TableRowEnd","Words":[{"Box":[289.916,539.894,19.712,11.496],"Polygon":[539.894,289.916,559.606,289.916,559.606,301.412,539.894,301.412],"IndexInText":937,"OcrConfidence":1.0,"Text":"23,95","VisualLineNumber":18}]},{"IndexInText":943,"Length":15,"Type":"TableCell","Words":[{"Box":[299.916,59.5988,62.928,11.496],"Polygon":[59.5988,299.916,122.5268,299.916,122.5268,311.412,59.5988,311.412],"IndexInText":943,"OcrConfidence":1.0,"Text":"[3558380057963]","VisualLineNumber":19}]},{"IndexInText":988,"Length":1,"Type":"TableCell","Words":[{"Box":[0.0,0.0,0.0,0.0],"IndexInText":988,"OcrConfidence":1.0,"Text":" ","VisualLineNumber":-1}]},{"IndexInText":994,"Length":1,"Type":"TableCell","Words":[{"Box":[0.0,0.0,0.0,0.0],"IndexInText":994,"OcrConfidence":1.0,"Text":" ","VisualLineNumber":-1}]},{"IndexInText":998,"Length":1,"Type":"TableCell","Words":[{"Box":[0.0,0.0,0.0,0.0],"IndexInText":998,"OcrConfidence":1.0,"Text":" ","VisualLineNumber":-1}]},{"IndexInText":1007,"Length":1,"Type":"TableCell","Words":[{"Box":[0.0,0.0,0.0,0.0],"IndexInText":1007,"OcrConfidence":1.0,"Text":" ","VisualLineNumber":-1}]},{"IndexInText":1012,"Length":1,"Type":"TableCell","Words":[{"Box":[0.0,0.0,0.0,0.0],"IndexInText":1012,"OcrConfidence":1.0,"Text":" ","VisualLineNumber":-1}]},{"IndexInText":1021,"Length":1,"Type":"TableRowEnd","Words":[{"Box":[0.0,0.0,0.0,0.0],"IndexInText":1021,"OcrConfidence":1.0,"Text":" ","VisualLineNumber":-1}]},{"IndexInText":1027,"Length":33,"Type":"TableCell","Words":[{"Box":[329.916,39.7444,4.44,11.496],"Polygon":[39.7444,329.916,44.1844,329.916,44.1844,341.412,39.7444,341.412],"IndexInText":1027,"OcrConfidence":1.0,"Text":"2","VisualLineNumber":20},{"Box":[329.916,59.5988,11.704,11.496],"Polygon":[59.5988,329.916,71.3028,329.916,71.3028,341.412,59.5988,341.412],"IndexInText":1029,"OcrConfidence":1.0,"Text":"Joc","VisualLineNumber":20},{"Box":[329.916,73.5028,18.168,11.496],"Polygon":[73.5028,329.916,91.6708,329.916,91.6708,341.412,73.5028,341.412],"IndexInText":1033,"OcrConfidence":1.0,"Text":"Ghici","VisualLineNumber":20},{"Box":[329.916,93.8708,18.312,11.496],"Polygon":[93.8708,329.916,112.1828,329.916,112.1828,341.412,93.8708,341.412],"IndexInText":1039,"OcrConfidence":1.0,"Text":"cine?","VisualLineNumber":20},{"Box":[329.916,114.3828,60.824,11.496],"Polygon":[114.3828,329.916,175.2068,329.916,175.2068,341.412,114.3828,341.412],"IndexInText":1045,"OcrConfidence":1.0,"Text":"[5010993495108]","VisualLineNumber":20}]},{"IndexInText":1072,"Length":3,"Type":"TableCell","Words":[{"Box":[329.916,249.4508,13.248,11.496],"Polygon":[249.4508,329.916,262.6988,329.916,262.6988,341.412,249.4508,341.412],"IndexInText":1072,"OcrConfidence":1.0,"Text":"buc","VisualLineNumber":20}]},{"IndexInText":1078,"Length":1,"Type":"TableCell","Words":[{"Box":[329.916,294.6125,3.216,11.496],"Polygon":[294.6125,329.916,297.8285,329.916,297.8285,341.412,294.6125,341.412],"IndexInText":1078,"OcrConfidence":1.0,"Text":"1","VisualLineNumber":20}]},{"IndexInText":1082,"Length":5,"Type":"TableCell","Words":[{"Box":[329.916,357.7322,19.88,11.496],"Polygon":[357.7322,329.916,377.6122,329.916,377.6122,341.412,357.7322,341.412],"IndexInText":1082,"OcrConfidence":1.0,"Text":"92,43","VisualLineNumber":20}]},{"IndexInText":1091,"Length":2,"Type":"TableCell","Words":[{"Box":[329.916,407.4015,7.68,11.496],"Polygon":[407.4015,329.916,415.0815,329.916,415.0815,341.412,407.4015,341.412],"IndexInText":1091,"OcrConfidence":1.0,"Text":"19","VisualLineNumber":20}]},{"IndexInText":1096,"Length":5,"Type":"TableCell","Words":[{"Box":[329.916,454.0818,19.88,11.496],"Polygon":[454.0818,329.916,473.9618,329.916,473.9618,341.412,454.0818,341.412],"IndexInText":1096,"OcrConfidence":1.0,"Text":"92,43","VisualLineNumber":20}]},{"IndexInText":1105,"Length":5,"Type":"TableRowEnd","Words":[{"Box":[329.916,541.27,18.336,11.496],"Polygon":[541.27,329.916,559.606,329.916,559.606,341.412,541.27,341.412],"IndexInText":1105,"OcrConfidence":1.0,"Text":"17,56","VisualLineNumber":20}]},{"IndexInText":1111,"Length":30,"Type":"TableCell","Words":[{"Box":[359.916,39.7444,4.44,11.496],"Polygon":[39.7444,359.916,44.1844,359.916,44.1844,371.412,39.7444,371.412],"IndexInText":1111,"OcrConfidence":1.0,"Text":"3","VisualLineNumber":21},{"Box":[359.916,59.5988,16.08,11.496],"Polygon":[59.5988,359.916,75.6788,359.916,75.6788,371.412,59.5988,371.412],"IndexInText":1113,"OcrConfidence":1.0,"Text":"Cost","VisualLineNumber":21},{"Box":[359.916,77.8788,33.584,11.496],"Polygon":[77.8788,359.916,111.4628,359.916,111.4628,371.412,77.8788,371.412],"IndexInText":1118,"OcrConfidence":1.0,"Text":"transport","VisualLineNumber":21},{"Box":[359.916,113.6628,60.056,11.496],"Polygon":[113.6628,359.916,173.7188,359.916,173.7188,371.412,113.6628,371.412],"IndexInText":1128,"OcrConfidence":1.0,"Text":"[TXTRANSPORT]","VisualLineNumber":21}]},{"IndexInText":1156,"Length":3,"Type":"TableCell","Words":[{"Box":[359.916,249.4508,13.248,11.496],"Polygon":[249.4508,359.916,262.6988,359.916,262.6988,371.412,249.4508,371.412],"IndexInText":1156,"OcrConfidence":1.0,"Text":"buc","VisualLineNumber":21}]},{"IndexInText":1162,"Length":1,"Type":"TableCell","Words":[{"Box":[359.916,294.6125,3.216,11.496],"Polygon":[294.6125,359.916,297.8285,359.916,297.8285,371.412,294.6125,371.412],"IndexInText":1162,"OcrConfidence":1.0,"Text":"1","VisualLineNumber":21}]},{"IndexInText":1166,"Length":4,"Type":"TableCell","Words":[{"Box":[359.916,362.3162,15.296,11.496],"Polygon":[362.3162,359.916,377.6122,359.916,377.6122,371.412,362.3162,371.412],"IndexInText":1166,"OcrConfidence":1.0,"Text":"6,29","VisualLineNumber":21}]},{"IndexInText":1175,"Length":2,"Type":"TableCell","Words":[{"Box":[359.916,407.4015,7.68,11.496],"Polygon":[407.4015,359.916,415.0815,359.916,415.0815,371.412,407.4015,371.412],"IndexInText":1175,"OcrConfidence":1.0,"Text":"19","VisualLineNumber":21}]},{"IndexInText":1180,"Length":4,"Type":"TableCell","Words":[{"Box":[359.916,458.6658,15.296,11.496],"Polygon":[458.6658,359.916,473.9618,359.916,473.9618,371.412,458.6658,371.412],"IndexInText":1180,"OcrConfidence":1.0,"Text":"6,29","VisualLineNumber":21}]},{"IndexInText":1189,"Length":4,"Type":"TableRowEnd","Words":[{"Box":[359.916,545.582,14.024,11.496],"Polygon":[545.582,359.916,559.606,359.916,559.606,371.412,545.582,371.412],"IndexInText":1189,"OcrConfidence":1.0,"Text":"1,20","VisualLineNumber":21}]},{"IndexInText":1195,"Length":42,"Type":"TableCell","Words":[{"Box":[389.916,39.6604,4.608,11.496],"Polygon":[39.6604,389.916,44.2684,389.916,44.2684,401.412,39.6604,401.412],"IndexInText":1195,"OcrConfidence":1.0,"Text":"4","VisualLineNumber":22},{"Box":[389.916,59.5988,32.024,11.496],"Polygon":[59.5988,389.916,91.6228,389.916,91.6228,401.412,59.5988,401.412],"IndexInText":1197,"OcrConfidence":1.0,"Text":"Discount","VisualLineNumber":22},{"Box":[389.916,93.8228,30.784,11.496],"Polygon":[93.8228,389.916,124.6068,389.916,124.6068,401.412,93.8228,401.412],"IndexInText":1206,"OcrConfidence":1.0,"Text":"conform","VisualLineNumber":22},{"Box":[389.916,126.8068,35.576,11.496],"Polygon":[126.8068,389.916,162.3828,389.916,162.3828,401.412,126.8068,401.412],"IndexInText":1214,"OcrConfidence":1.0,"Text":"promotie:","VisualLineNumber":22},{"Box":[389.916,164.5828,57.616,11.496],"Polygon":[164.5828,389.916,222.1988,389.916,222.1988,401.412,164.5828,401.412],"IndexInText":1224,"OcrConfidence":1.0,"Text":"3558380057963","VisualLineNumber":22}]},{"IndexInText":1240,"Length":3,"Type":"TableCell","Words":[{"Box":[389.916,249.4508,13.248,11.496],"Polygon":[249.4508,389.916,262.6988,389.916,262.6988,401.412,249.4508,401.412],"IndexInText":1240,"OcrConfidence":1.0,"Text":"buc","VisualLineNumber":22}]},{"IndexInText":1246,"Length":1,"Type":"TableCell","Words":[{"Box":[389.916,294.6125,3.216,11.496],"Polygon":[294.6125,389.916,297.8285,389.916,297.8285,401.412,294.6125,401.412],"IndexInText":1246,"OcrConfidence":1.0,"Text":"1","VisualLineNumber":22}]},{"IndexInText":1250,"Length":6,"Type":"TableCell","Words":[{"Box":[389.916,355.9082,21.704,11.496],"Polygon":[355.9082,389.916,377.6122,389.916,377.6122,401.412,355.9082,401.412],"IndexInText":1250,"OcrConfidence":1.0,"Text":"-33,61","VisualLineNumber":22}]},{"IndexInText":1259,"Length":2,"Type":"TableCell","Words":[{"Box":[389.916,407.4015,7.68,11.496],"Polygon":[407.4015,389.916,415.0815,389.916,415.0815,401.412,407.4015,401.412],"IndexInText":1259,"OcrConfidence":1.0,"Text":"19","VisualLineNumber":22}]},{"IndexInText":1264,"Length":6,"Type":"TableCell","Words":[{"Box":[389.916,452.2578,21.704,11.496],"Polygon":[452.2578,389.916,473.9618,389.916,473.9618,401.412,452.2578,401.412],"IndexInText":1264,"OcrConfidence":1.0,"Text":"-33,61","VisualLineNumber":22}]},{"IndexInText":1273,"Length":5,"Type":"TableRowEnd","Words":[{"Box":[389.916,541.094,18.512,11.496],"Polygon":[541.094,389.916,559.606,389.916,559.606,401.412,541.094,401.412],"IndexInText":1273,"OcrConfidence":1.0,"Text":"-6,39","VisualLineNumber":22}]},{"IndexInText":1279,"Length":18,"Type":"TableCell","Words":[{"Box":[399.916,59.5988,78.048,11.496],"Polygon":[59.5988,399.916,137.6468,399.916,137.6468,411.412,59.5988,411.412],"IndexInText":1279,"OcrConfidence":1.0,"Text":"[DPRO1VAT20TYPE11]","VisualLineNumber":23}]},{"IndexInText":1324,"Length":1,"Type":"TableCell","Words":[{"Box":[0.0,0.0,0.0,0.0],"IndexInText":1324,"OcrConfidence":1.0,"Text":" ","VisualLineNumber":-1}]},{"IndexInText":1330,"Length":1,"Type":"TableCell","Words":[{"Box":[0.0,0.0,0.0,0.0],"IndexInText":1330,"OcrConfidence":1.0,"Text":" ","VisualLineNumber":-1}]},{"IndexInText":1334,"Length":1,"Type":"TableCell","Words":[{"Box":[0.0,0.0,0.0,0.0],"IndexInText":1334,"OcrConfidence":1.0,"Text":" ","VisualLineNumber":-1}]},{"IndexInText":1343,"Length":1,"Type":"TableCell","Words":[{"Box":[0.0,0.0,0.0,0.0],"IndexInText":1343,"OcrConfidence":1.0,"Text":" ","VisualLineNumber":-1}]},{"IndexInText":1348,"Length":1,"Type":"TableCell","Words":[{"Box":[0.0,0.0,0.0,0.0],"IndexInText":1348,"OcrConfidence":1.0,"Text":" ","VisualLineNumber":-1}]},{"IndexInText":1357,"Length":1,"Type":"TableRowEnd","Words":[{"Box":[0.0,0.0,0.0,0.0],"IndexInText":1357,"OcrConfidence":1.0,"Text":" ","VisualLineNumber":-1}]},{"IndexInText":1363,"Length":42,"Type":"TableCell","Words":[{"Box":[429.916,39.7444,4.44,11.496],"Polygon":[39.7444,429.916,44.1844,429.916,44.1844,441.412,39.7444,441.412],"IndexInText":1363,"OcrConfidence":1.0,"Text":"5","VisualLineNumber":24},{"Box":[429.916,59.5988,32.024,11.496],"Polygon":[59.5988,429.916,91.6228,429.916,91.6228,441.412,59.5988,441.412],"IndexInText":1365,"OcrConfidence":1.0,"Text":"Discount","VisualLineNumber":24},{"Box":[429.916,93.8228,30.784,11.496],"Polygon":[93.8228,429.916,124.6068,429.916,124.6068,441.412,93.8228,441.412],"IndexInText":1374,"OcrConfidence":1.0,"Text":"conform","VisualLineNumber":24},{"Box":[429.916,126.8068,35.576,11.496],"Polygon":[126.8068,429.916,162.3828,429.916,162.3828,441.412,126.8068,441.412],"IndexInText":1382,"OcrConfidence":1.0,"Text":"promotie:","VisualLineNumber":24},{"Box":[429.916,164.5828,55.512,11.496],"Polygon":[164.5828,429.916,220.0948,429.916,220.0948,441.412,164.5828,441.412],"IndexInText":1392,"OcrConfidence":1.0,"Text":"5010993495108","VisualLineNumber":24}]},{"IndexInText":1408,"Length":3,"Type":"TableCell","Words":[{"Box":[429.916,249.4508,13.248,11.496],"Polygon":[249.4508,429.916,262.6988,429.916,262.6988,441.412,249.4508,441.412],"IndexInText":1408,"OcrConfidence":1.0,"Text":"buc","VisualLineNumber":24}]},{"IndexInText":1414,"Length":1,"Type":"TableCell","Words":[{"Box":[429.916,294.6125,3.216,11.496],"Polygon":[294.6125,429.916,297.8285,429.916,297.8285,441.412,294.6125,441.412],"IndexInText":1414,"OcrConfidence":1.0,"Text":"1","VisualLineNumber":24}]},{"IndexInText":1418,"Length":5,"Type":"TableCell","Words":[{"Box":[429.916,358.9562,18.656,11.496],"Polygon":[358.9562,429.916,377.6122,429.916,377.6122,441.412,358.9562,441.412],"IndexInText":1418,"OcrConfidence":1.0,"Text":"-9,24","VisualLineNumber":24}]},{"IndexInText":1427,"Length":2,"Type":"TableCell","Words":[{"Box":[429.916,407.4015,7.68,11.496],"Polygon":[407.4015,429.916,415.0815,429.916,415.0815,441.412,407.4015,441.412],"IndexInText":1427,"OcrConfidence":1.0,"Text":"19","VisualLineNumber":24}]},{"IndexInText":1432,"Length":5,"Type":"TableCell","Words":[{"Box":[429.916,455.3058,18.656,11.496],"Polygon":[455.3058,429.916,473.9618,429.916,473.9618,441.412,455.3058,441.412],"IndexInText":1432,"OcrConfidence":1.0,"Text":"-9,24","VisualLineNumber":24}]},{"IndexInText":1441,"Length":5,"Type":"TableRowEnd","Words":[{"Box":[429.916,542.494,17.112,11.496],"Polygon":[542.494,429.916,559.606,429.916,559.606,441.412,542.494,441.412],"IndexInText":1441,"OcrConfidence":1.0,"Text":"-1,76","VisualLineNumber":24}]},{"IndexInText":1447,"Length":18,"Type":"TableCell","Words":[{"Box":[439.916,59.5988,78.048,11.496],"Polygon":[59.5988,439.916,137.6468,439.916,137.6468,451.412,59.5988,451.412],"IndexInText":1447,"OcrConfidence":1.0,"Text":"[DPRO1VAT20TYPE11]","VisualLineNumber":25}]},{"IndexInText":1492,"Length":1,"Type":"TableCell","Words":[{"Box":[0.0,0.0,0.0,0.0],"IndexInText":1492,"OcrConfidence":1.0,"Text":" ","VisualLineNumber":-1}]},{"IndexInText":1498,"Length":1,"Type":"TableCell","Words":[{"Box":[0.0,0.0,0.0,0.0],"IndexInText":1498,"OcrConfidence":1.0,"Text":" ","VisualLineNumber":-1}]},{"IndexInText":1502,"Length":1,"Type":"TableCell","Words":[{"Box":[0.0,0.0,0.0,0.0],"IndexInText":1502,"OcrConfidence":1.0,"Text":" ","VisualLineNumber":-1}]},{"IndexInText":1511,"Length":1,"Type":"TableCell","Words":[{"Box":[0.0,0.0,0.0,0.0],"IndexInText":1511,"OcrConfidence":1.0,"Text":" ","VisualLineNumber":-1}]},{"IndexInText":1516,"Length":1,"Type":"TableCell","Words":[{"Box":[0.0,0.0,0.0,0.0],"IndexInText":1516,"OcrConfidence":1.0,"Text":" ","VisualLineNumber":-1}]},{"IndexInText":1525,"Length":1,"Type":"TableRowEnd","Words":[{"Box":[0.0,0.0,0.0,0.0],"IndexInText":1525,"OcrConfidence":1.0,"Text":" ","VisualLineNumber":-1}]},{"IndexInText":1531,"Length":34,"Type":"TableCell","Words":[{"Box":[469.916,39.7324,4.464,11.496],"Polygon":[39.7324,469.916,44.1964,469.916,44.1964,481.412,39.7324,481.412],"IndexInText":1531,"OcrConfidence":1.0,"Text":"6","VisualLineNumber":26},{"Box":[469.916,59.5988,32.024,11.496],"Polygon":[59.5988,469.916,91.6228,469.916,91.6228,481.412,59.5988,481.412],"IndexInText":1533,"OcrConfidence":1.0,"Text":"Discount","VisualLineNumber":26},{"Box":[469.916,93.8228,35.112,11.496],"Polygon":[93.8228,469.916,128.9348,469.916,128.9348,481.412,93.8228,481.412],"IndexInText":1542,"OcrConfidence":1.0,"Text":"Transport","VisualLineNumber":26},{"Box":[469.916,131.1348,20.944,11.496],"Polygon":[131.1348,469.916,152.0788,469.916,152.0788,481.412,131.1348,481.412],"IndexInText":1552,"OcrConfidence":1.0,"Text":"Client","VisualLineNumber":26},{"Box":[469.916,154.2788,24.688,11.496],"Polygon":[154.2788,469.916,178.9668,469.916,178.9668,481.412,154.2788,481.412],"IndexInText":1559,"OcrConfidence":1.0,"Text":"Genius","VisualLineNumber":26}]},{"IndexInText":1576,"Length":3,"Type":"TableCell","Words":[{"Box":[469.916,249.4508,13.248,11.496],"Polygon":[249.4508,469.916,262.6988,469.916,262.6988,481.412,249.4508,481.412],"IndexInText":1576,"OcrConfidence":1.0,"Text":"buc","VisualLineNumber":26}]},{"IndexInText":1582,"Length":1,"Type":"TableCell","Words":[{"Box":[469.916,294.6125,3.216,11.496],"Polygon":[294.6125,469.916,297.8285,469.916,297.8285,481.412,294.6125,481.412],"IndexInText":1582,"OcrConfidence":1.0,"Text":"1","VisualLineNumber":26}]},{"IndexInText":1586,"Length":5,"Type":"TableCell","Words":[{"Box":[469.916,359.1002,18.512,11.496],"Polygon":[359.1002,469.916,377.6122,469.916,377.6122,481.412,359.1002,481.412],"IndexInText":1586,"OcrConfidence":1.0,"Text":"-6,29","VisualLineNumber":26}]},{"IndexInText":1595,"Length":2,"Type":"TableCell","Words":[{"Box":[469.916,407.4015,7.68,11.496],"Polygon":[407.4015,469.916,415.0815,469.916,415.0815,481.412,407.4015,481.412],"IndexInText":1595,"OcrConfidence":1.0,"Text":"19","VisualLineNumber":26}]},{"IndexInText":1600,"Length":5,"Type":"TableCell","Words":[{"Box":[469.916,455.4498,18.512,11.496],"Polygon":[455.4498,469.916,473.9618,469.916,473.9618,481.412,455.4498,481.412],"IndexInText":1600,"OcrConfidence":1.0,"Text":"-6,29","VisualLineNumber":26}]},{"IndexInText":1609,"Length":5,"Type":"TableRowEnd","Words":[{"Box":[469.916,542.366,17.24,11.496],"Polygon":[542.366,469.916,559.606,469.916,559.606,481.412,542.366,481.412],"IndexInText":1609,"OcrConfidence":1.0,"Text":"-1,20","VisualLineNumber":26}]},{"IndexInText":1615,"Length":26,"Type":"TableCell","Words":[{"Box":[479.916,59.5988,98.464,11.496],"Polygon":[59.5988,479.916,158.0628,479.916,158.0628,491.412,59.5988,491.412],"IndexInText":1615,"OcrConfidence":1.0,"Text":"[BeneficiuTransportGenius]","VisualLineNumber":27}]},{"IndexInText":1660,"Length":1,"Type":"TableCell","Words":[{"Box":[0.0,0.0,0.0,0.0],"IndexInText":1660,"OcrConfidence":1.0,"Text":" ","VisualLineNumber":-1}]},{"IndexInText":1666,"Length":1,"Type":"TableCell","Words":[{"Box":[0.0,0.0,0.0,0.0],"IndexInText":1666,"OcrConfidence":1.0,"Text":" ","VisualLineNumber":-1}]},{"IndexInText":1670,"Length":1,"Type":"TableCell","Words":[{"Box":[0.0,0.0,0.0,0.0],"IndexInText":1670,"OcrConfidence":1.0,"Text":" ","VisualLineNumber":-1}]},{"IndexInText":1679,"Length":1,"Type":"TableCell","Words":[{"Box":[0.0,0.0,0.0,0.0],"IndexInText":1679,"OcrConfidence":1.0,"Text":" ","VisualLineNumber":-1}]},{"IndexInText":1684,"Length":1,"Type":"TableCell","Words":[{"Box":[0.0,0.0,0.0,0.0],"IndexInText":1684,"OcrConfidence":1.0,"Text":" ","VisualLineNumber":-1}]},{"IndexInText":1693,"Length":1,"Type":"TableRowEnd","Words":[{"Box":[0.0,0.0,0.0,0.0],"IndexInText":1693,"OcrConfidence":1.0,"Text":" ","VisualLineNumber":-1}]},{"IndexInText":1699,"Length":40,"Type":"TableCell","Words":[{"Box":[509.916,39.8204,4.288,11.496],"Polygon":[39.8204,509.916,44.1084,509.916,44.1084,521.412,39.8204,521.412],"IndexInText":1699,"OcrConfidence":1.0,"Text":"7","VisualLineNumber":28},{"Box":[509.916,59.5988,32.024,11.496],"Polygon":[59.5988,509.916,91.6228,509.916,91.6228,521.412,59.5988,521.412],"IndexInText":1701,"OcrConfidence":1.0,"Text":"Discount","VisualLineNumber":28},{"Box":[509.916,93.8228,30.784,11.496],"Polygon":[93.8228,509.916,124.6068,509.916,124.6068,521.412,93.8228,521.412],"IndexInText":1710,"OcrConfidence":1.0,"Text":"conform","VisualLineNumber":28},{"Box":[509.916,126.8068,13.36,11.496],"Polygon":[126.8068,509.916,140.1668,509.916,140.1668,521.412,126.8068,521.412],"IndexInText":1718,"OcrConfidence":1.0,"Text":"cod","VisualLineNumber":28},{"Box":[509.916,142.3668,33.84,11.496],"Polygon":[142.3668,509.916,176.2068,509.916,176.2068,521.412,142.3668,521.412],"IndexInText":1722,"OcrConfidence":1.0,"Text":"reducere:","VisualLineNumber":28},{"Box":[509.916,178.4068,24.216,11.496],"Polygon":[178.4068,509.916,202.6228,509.916,202.6228,521.412,178.4068,521.412],"IndexInText":1732,"OcrConfidence":1.0,"Text":"xxxxxii","VisualLineNumber":28}]},{"IndexInText":1744,"Length":3,"Type":"TableCell","Words":[{"Box":[509.916,249.4508,13.248,11.496],"Polygon":[249.4508,509.916,262.6988,509.916,262.6988,521.412,249.4508,521.412],"IndexInText":1744,"OcrConfidence":1.0,"Text":"buc","VisualLineNumber":28}]},{"IndexInText":1750,"Length":1,"Type":"TableCell","Words":[{"Box":[509.916,294.6125,3.216,11.496],"Polygon":[294.6125,509.916,297.8285,509.916,297.8285,521.412,294.6125,521.412],"IndexInText":1750,"OcrConfidence":1.0,"Text":"1","VisualLineNumber":28}]},{"IndexInText":1754,"Length":6,"Type":"TableCell","Words":[{"Box":[509.916,354.5162,23.096,11.496],"Polygon":[354.5162,509.916,377.6122,509.916,377.6122,521.412,354.5162,521.412],"IndexInText":1754,"OcrConfidence":1.0,"Text":"-26,34","VisualLineNumber":28}]},{"IndexInText":1763,"Length":2,"Type":"TableCell","Words":[{"Box":[509.916,407.4015,7.68,11.496],"Polygon":[407.4015,509.916,415.0815,509.916,415.0815,521.412,407.4015,521.412],"IndexInText":1763,"OcrConfidence":1.0,"Text":"19","VisualLineNumber":28}]},{"IndexInText":1768,"Length":6,"Type":"TableCell","Words":[{"Box":[509.916,450.8658,23.096,11.496],"Polygon":[450.8658,509.916,473.9618,509.916,473.9618,521.412,450.8658,521.412],"IndexInText":1768,"OcrConfidence":1.0,"Text":"-26,34","VisualLineNumber":28}]},{"IndexInText":1777,"Length":5,"Type":"TableRowEnd","Words":[{"Box":[509.916,541.142,18.464,11.496],"Polygon":[541.142,509.916,559.606,509.916,559.606,521.412,541.142,521.412],"IndexInText":1777,"OcrConfidence":1.0,"Text":"-5,00","VisualLineNumber":28}]},{"IndexInText":1783,"Length":18,"Type":"TableCell","Words":[{"Box":[519.916,59.5988,77.456,11.496],"Polygon":[59.5988,519.916,137.0548,519.916,137.0548,531.412,59.5988,531.412],"IndexInText":1783,"OcrConfidence":1.0,"Text":"[DVCR1VAT19TYPE10]","VisualLineNumber":29}]},{"IndexInText":1828,"Length":1,"Type":"TableCell","Words":[{"Box":[0.0,0.0,0.0,0.0],"IndexInText":1828,"OcrConfidence":1.0,"Text":" ","VisualLineNumber":-1}]},{"IndexInText":1834,"Length":1,"Type":"TableCell","Words":[{"Box":[0.0,0.0,0.0,0.0],"IndexInText":1834,"OcrConfidence":1.0,"Text":" ","VisualLineNumber":-1}]},{"IndexInText":1838,"Length":1,"Type":"TableCell","Words":[{"Box":[0.0,0.0,0.0,0.0],"IndexInText":1838,"OcrConfidence":1.0,"Text":" ","VisualLineNumber":-1}]},{"IndexInText":1847,"Length":1,"Type":"TableCell","Words":[{"Box":[0.0,0.0,0.0,0.0],"IndexInText":1847,"OcrConfidence":1.0,"Text":" ","VisualLineNumber":-1}]},{"IndexInText":1852,"Length":1,"Type":"TableCell","Words":[{"Box":[0.0,0.0,0.0,0.0],"IndexInText":1852,"OcrConfidence":1.0,"Text":" ","VisualLineNumber":-1}]},{"IndexInText":1861,"Length":1,"Type":"TableRowEnd","Words":[{"Box":[0.0,0.0,0.0,0.0],"IndexInText":1861,"OcrConfidence":1.0,"Text":" ","VisualLineNumber":-1}]}]},{"IndexInText":1868,"Language":"ron","Length":139,"Rotation":"None","SkewAngle":0.0,"Type":"Paragraph","WordGroups":[{"IndexInText":1868,"Length":22,"Type":"Sentence","Words":[{"Box":[611.306,42.835,31.992,11.496],"Polygon":[42.835,611.306,74.827,611.306,74.827,622.802,42.835,622.802],"IndexInText":1868,"OcrConfidence":1.0,"Text":"Conform","VisualLineNumber":30},{"Box":[611.306,77.027,11.952,11.496],"Polygon":[77.027,611.306,88.979,611.306,88.979,622.802,77.027,622.802],"IndexInText":1876,"OcrConfidence":1.0,"Text":"art.","VisualLineNumber":30},{"Box":[611.306,91.179,12.12,11.496],"Polygon":[91.179,611.306,103.299,611.306,103.299,622.802,91.179,622.802],"IndexInText":1881,"OcrConfidence":1.0,"Text":"319","VisualLineNumber":30},{"Box":[611.306,105.499,14.944,11.496],"Polygon":[105.499,611.306,120.443,611.306,120.443,622.802,105.499,622.802],"IndexInText":1885,"OcrConfidence":1.0,"Text":"alin.","VisualLineNumber":30}]},{"IndexInText":1891,"Length":116,"Type":"Other","Words":[{"Box":[611.306,122.643,14.216,11.496],"Polygon":[122.643,611.306,136.859,611.306,136.859,622.802,122.643,622.802],"IndexInText":1891,"OcrConfidence":1.0,"Text":"(29)","VisualLineNumber":30},{"Box":[611.306,139.059,11.576,11.496],"Polygon":[139.059,611.306,150.635,611.306,150.635,622.802,139.059,622.802],"IndexInText":1896,"OcrConfidence":1.0,"Text":"din","VisualLineNumber":30},{"Box":[611.306,152.835,21.408,11.496],"Polygon":[152.835,611.306,174.243,611.306,174.243,622.802,152.835,622.802],"IndexInText":1900,"OcrConfidence":1.0,"Text":"Legea","VisualLineNumber":30},{"Box":[611.306,176.443,9.552,11.496],"Polygon":[176.443,611.306,185.995,611.306,185.995,622.802,176.443,622.802],"IndexInText":1906,"OcrConfidence":1.0,"Text":"nr.","VisualLineNumber":30},{"Box":[611.306,188.195,33.016,11.496],"Polygon":[188.195,611.306,221.211,611.306,221.211,622.802,188.195,622.802],"IndexInText":1910,"OcrConfidence":1.0,"Text":"227/2015","VisualLineNumber":30},{"Box":[611.306,223.411,25.504,11.496],"Polygon":[223.411,611.306,248.915,611.306,248.915,622.802,223.411,622.802],"IndexInText":1919,"OcrConfidence":1.0,"Text":"privind","VisualLineNumber":30},{"Box":[611.306,251.115,21.32,11.496],"Polygon":[251.115,611.306,272.435,611.306,272.435,622.802,251.115,622.802],"IndexInText":1927,"OcrConfidence":1.0,"Text":"Codul","VisualLineNumber":30},{"Box":[611.306,274.635,21.504,11.496],"Polygon":[274.635,611.306,296.139,611.306,296.139,622.802,274.635,622.802],"IndexInText":1933,"OcrConfidence":1.0,"Text":"Fiscal,","VisualLineNumber":30},{"Box":[611.306,298.339,25.384,11.496],"Polygon":[298.339,611.306,323.723,611.306,323.723,622.802,298.339,622.802],"IndexInText":1941,"OcrConfidence":1.0,"Text":"factura","VisualLineNumber":30},{"Box":[611.306,325.923,14.832,11.496],"Polygon":[325.923,611.306,340.755,611.306,340.755,622.802,325.923,622.802],"IndexInText":1949,"OcrConfidence":1.0,"Text":"este","VisualLineNumber":30},{"Box":[611.306,342.955,27.672,11.496],"Polygon":[342.955,611.306,370.627,611.306,370.627,622.802,342.955,622.802],"IndexInText":1954,"OcrConfidence":1.0,"Text":"valabila","VisualLineNumber":30},{"Box":[611.306,372.827,14.072,11.496],"Polygon":[372.827,611.306,386.899,611.306,386.899,622.802,372.827,622.802],"IndexInText":1963,"OcrConfidence":1.0,"Text":"fara","VisualLineNumber":30},{"Box":[611.306,389.099,38.312,11.496],"Polygon":[389.099,611.306,427.411,611.306,427.411,622.802,389.099,622.802],"IndexInText":1968,"OcrConfidence":1.0,"Text":"semnatura","VisualLineNumber":30},{"Box":[611.306,429.611,5.536,11.496],"Polygon":[429.611,611.306,435.147,611.306,435.147,622.802,429.611,622.802],"IndexInText":1978,"OcrConfidence":1.0,"Text":"si","VisualLineNumber":30},{"Box":[611.306,437.347,30.776,11.496],"Polygon":[437.347,611.306,468.123,611.306,468.123,622.802,437.347,622.802],"IndexInText":1981,"OcrConfidence":1.0,"Text":"stampila","VisualLineNumber":30},{"Box":[621.306,42.835,18.0,11.496],"Polygon":[42.835,621.306,60.835,621.306,60.835,632.802,42.835,632.802],"IndexInText":1990,"OcrConfidence":1.0,"Text":"Plata","VisualLineNumber":31},{"Box":[621.306,63.035,15.72,11.496],"Polygon":[63.035,621.306,78.755,621.306,78.755,632.802,63.035,632.802],"IndexInText":1996,"OcrConfidence":1.0,"Text":"card","VisualLineNumber":31},{"Box":[621.306,80.955,22.528,11.496],"Polygon":[80.955,621.306,103.483,621.306,103.483,632.802,80.955,632.802],"IndexInText":2001,"OcrConfidence":1.0,"Text":"online","VisualLineNumber":31}]}]},{"IndexInText":2009,"Language":"ron","Length":361,"Rotation":"None","SkewAngle":0.0,"Type":"Paragraph","WordGroups":[{"IndexInText":2009,"Length":100,"Type":"Other","Words":[{"Box":[652.233,36.672,44.118,12.933],"Polygon":[36.672,652.233,80.79,652.233,80.79,665.166,36.672,665.166],"IndexInText":2009,"OcrConfidence":1.0,"Text":"Semnatura","VisualLineNumber":32},{"Box":[652.233,83.265,6.228,12.933],"Polygon":[83.265,652.233,89.493,652.233,89.493,665.166,83.265,665.166],"IndexInText":2019,"OcrConfidence":1.0,"Text":"si","VisualLineNumber":32},{"Box":[654.233,103.835,19.179,12.933],"Polygon":[103.835,654.233,123.014,654.233,123.014,667.166,103.835,667.166],"IndexInText":2022,"OcrConfidence":1.0,"Text":"Date","VisualLineNumber":32},{"Box":[654.233,125.489,28.692,12.933],"Polygon":[125.489,654.233,154.181,654.233,154.181,667.166,125.489,667.166],"IndexInText":2027,"OcrConfidence":1.0,"Text":"privind","VisualLineNumber":32},{"Box":[654.233,156.656,37.566,12.933],"Polygon":[156.656,654.233,194.222,654.233,194.222,667.166,156.656,667.166],"IndexInText":2035,"OcrConfidence":1.0,"Text":"expeditia","VisualLineNumber":32},{"Box":[654.233,196.697,80.253,12.933],"Polygon":[196.697,654.233,276.95,654.233,276.95,667.166,196.697,667.166],"IndexInText":2045,"OcrConfidence":1.0,"Text":".....................................","VisualLineNumber":32},{"Box":[652.233,340.785,20.637,12.933],"Polygon":[340.785,652.233,361.422,652.233,361.422,665.166,340.785,665.166],"IndexInText":2083,"OcrConfidence":1.0,"Text":"Total","VisualLineNumber":32},{"Box":[652.233,363.897,13.023,12.933],"Polygon":[363.897,652.233,376.92,652.233,376.92,665.166,363.897,665.166],"IndexInText":2089,"OcrConfidence":1.0,"Text":"din","VisualLineNumber":32},{"Box":[652.233,422.16,16.2,12.933],"Polygon":[422.16,652.233,438.36,652.233,438.36,665.166,422.16,665.166],"IndexInText":2093,"OcrConfidence":1.0,"Text":"19%","VisualLineNumber":32},{"Box":[652.233,475.377,25.983,12.933],"Polygon":[475.377,652.233,501.36,652.233,501.36,665.166,475.377,665.166],"IndexInText":2097,"OcrConfidence":1.0,"Text":"149,28","VisualLineNumber":32},{"Box":[652.233,542.184,22.176,12.933],"Polygon":[542.184,652.233,564.36,652.233,564.36,665.166,542.184,665.166],"IndexInText":2104,"OcrConfidence":1.0,"Text":"28,36","VisualLineNumber":32}]},{"IndexInText":2110,"Length":149,"Type":"Other","Words":[{"Box":[663.483,45.771,34.623,12.933],"Polygon":[45.771,663.483,80.394,663.483,80.394,676.416,45.771,676.416],"IndexInText":2110,"OcrConfidence":1.0,"Text":"stampila","VisualLineNumber":33},{"Box":[668.483,103.835,32.031,12.933],"Polygon":[103.835,668.483,135.866,668.483,135.866,681.416,103.835,681.416],"IndexInText":2119,"OcrConfidence":1.0,"Text":"Numele","VisualLineNumber":33},{"Box":[668.483,138.341,45.9,12.933],"Polygon":[138.341,668.483,184.241,668.483,184.241,681.416,138.341,681.416],"IndexInText":2126,"OcrConfidence":1.0,"Text":"delegatului","VisualLineNumber":33},{"Box":[668.483,186.716,28.71,12.933],"Polygon":[186.716,668.483,215.426,668.483,215.426,681.416,186.716,681.416],"IndexInText":2138,"OcrConfidence":1.0,"Text":"Ielcean","VisualLineNumber":33},{"Box":[668.483,217.901,31.599,12.933],"Polygon":[217.901,668.483,249.5,668.483,249.5,681.416,217.901,681.416],"IndexInText":2146,"OcrConfidence":1.0,"Text":"bogdan","VisualLineNumber":33},{"Box":[663.483,335.835,17.037,12.933],"Polygon":[335.835,663.483,352.872,663.483,352.872,676.416,335.835,676.416],"IndexInText":2153,"OcrConfidence":1.0,"Text":"care","VisualLineNumber":33},{"Box":[663.483,355.347,26.631,12.933],"Polygon":[355.347,663.483,381.978,663.483,381.978,676.416,355.347,676.416],"IndexInText":2158,"OcrConfidence":1.0,"Text":"accize:","VisualLineNumber":33},{"Box":[663.483,417.723,20.637,12.933],"Polygon":[417.723,663.483,438.36,663.483,438.36,676.416,417.723,676.416],"IndexInText":2166,"OcrConfidence":1.0,"Text":"Total","VisualLineNumber":33},{"Box":[663.483,475.377,25.983,12.933],"Polygon":[475.377,663.483,501.36,663.483,501.36,676.416,475.377,676.416],"IndexInText":2172,"OcrConfidence":1.0,"Text":"149,28","VisualLineNumber":33},{"Box":[663.483,542.184,22.176,12.933],"Polygon":[542.184,663.483,564.36,663.483,564.36,676.416,542.184,676.416],"IndexInText":2179,"OcrConfidence":1.0,"Text":"28,36","VisualLineNumber":33},{"Box":[674.733,39.408,47.349,12.933],"Polygon":[39.408,674.733,86.757,674.733,86.757,687.666,39.408,687.666],"IndexInText":2185,"OcrConfidence":1.0,"Text":"furnizorului","VisualLineNumber":34},{"Box":[682.733,103.835,28.683,12.933],"Polygon":[103.835,682.733,132.518,682.733,132.518,695.666,103.835,695.666],"IndexInText":2198,"OcrConfidence":1.0,"Text":"B.I./C.I.","VisualLineNumber":35},{"Box":[682.733,134.993,19.035,12.933],"Polygon":[134.993,682.733,154.028,682.733,154.028,695.666,134.993,695.666],"IndexInText":2208,"OcrConfidence":1.0,"Text":"seria","VisualLineNumber":35},{"Box":[682.733,156.503,8.676,12.933],"Polygon":[156.503,682.733,165.179,682.733,165.179,695.666,156.503,695.666],"IndexInText":2214,"OcrConfidence":1.0,"Text":"....","VisualLineNumber":35},{"Box":[682.733,167.654,32.436,12.933],"Polygon":[167.654,682.733,200.09,682.733,200.09,695.666,167.654,695.666],"IndexInText":2219,"OcrConfidence":1.0,"Text":"nr...........","VisualLineNumber":35},{"Box":[682.733,202.565,41.634,12.933],"Polygon":[202.565,682.733,244.199,682.733,244.199,695.666,202.565,695.666],"IndexInText":2233,"OcrConfidence":1.0,"Text":"eliberat(a)","VisualLineNumber":35},{"Box":[682.733,246.674,30.366,12.933],"Polygon":[246.674,682.733,277.04,682.733,277.04,695.666,246.674,695.666],"IndexInText":2245,"OcrConfidence":1.0,"Text":"..............","VisualLineNumber":35}]},{"IndexInText":2260,"Length":27,"Type":"Other","Words":[{"Box":[687.983,335.183,44.118,12.933],"Polygon":[335.183,687.983,379.301,687.983,379.301,700.916,335.183,700.916],"IndexInText":2260,"OcrConfidence":1.0,"Text":"Semnatura","VisualLineNumber":36},{"Box":[687.983,381.776,10.206,12.933],"Polygon":[381.776,687.983,391.982,687.983,391.982,700.916,381.776,700.916],"IndexInText":2270,"OcrConfidence":1.0,"Text":"de","VisualLineNumber":36},{"Box":[689.983,402.835,20.637,12.933],"Polygon":[402.835,689.983,423.472,689.983,423.472,702.916,402.835,702.916],"IndexInText":2273,"OcrConfidence":1.0,"Text":"Total","VisualLineNumber":36},{"Box":[689.983,425.947,10.206,12.933],"Polygon":[425.947,689.983,436.153,689.983,436.153,702.916,425.947,702.916],"IndexInText":2279,"OcrConfidence":1.0,"Text":"de","VisualLineNumber":36},{"Box":[689.983,438.628,20.421,12.933],"Polygon":[438.628,689.983,459.049,689.983,459.049,702.916,438.628,702.916],"IndexInText":2282,"OcrConfidence":1.0,"Text":"plata","VisualLineNumber":36}]},{"IndexInText":2288,"Length":82,"Type":"Other","Words":[{"Box":[696.983,103.835,32.562,12.933],"Polygon":[103.835,696.983,136.397,696.983,136.397,709.916,103.835,709.916],"IndexInText":2288,"OcrConfidence":1.0,"Text":"Mijlocul","VisualLineNumber":37},{"Box":[696.983,138.872,10.206,12.933],"Polygon":[138.872,696.983,149.078,696.983,149.078,709.916,138.872,709.916],"IndexInText":2297,"OcrConfidence":1.0,"Text":"de","VisualLineNumber":37},{"Box":[696.983,151.553,37.782,12.933],"Polygon":[151.553,696.983,189.335,696.983,189.335,709.916,151.553,709.916],"IndexInText":2300,"OcrConfidence":1.0,"Text":"transport","VisualLineNumber":37},{"Box":[696.983,191.81,28.197,12.933],"Polygon":[191.81,696.983,220.007,696.983,220.007,709.916,191.81,709.916],"IndexInText":2310,"OcrConfidence":1.0,"Text":".............","VisualLineNumber":37},{"Box":[696.983,222.482,10.746,12.933],"Polygon":[222.482,696.983,233.228,696.983,233.228,709.916,222.482,709.916],"IndexInText":2324,"OcrConfidence":1.0,"Text":"nr.","VisualLineNumber":37},{"Box":[696.983,235.703,43.38,12.933],"Polygon":[235.703,696.983,279.083,696.983,279.083,709.916,235.703,709.916],"IndexInText":2328,"OcrConfidence":1.0,"Text":"....................","VisualLineNumber":37},{"Box":[699.233,348.8135,29.538,12.933],"Polygon":[348.8135,699.233,378.3515,699.233,378.3515,712.166,348.8135,712.166],"IndexInText":2349,"OcrConfidence":1.0,"Text":"primire","VisualLineNumber":37},{"Box":[701.233,402.835,14.94,12.933],"Polygon":[402.835,701.233,417.775,701.233,417.775,714.166,402.835,714.166],"IndexInText":2357,"OcrConfidence":1.0,"Text":"(col","VisualLineNumber":37},{"Box":[701.233,420.25,23.22,12.933],"Polygon":[420.25,701.233,443.47,701.233,443.47,714.166,420.25,714.166],"IndexInText":2362,"OcrConfidence":1.0,"Text":"6+col","VisualLineNumber":37},{"Box":[701.233,445.945,7.812,12.933],"Polygon":[445.945,701.233,453.757,701.233,453.757,714.166,445.945,714.166],"IndexInText":2368,"OcrConfidence":1.0,"Text":"7)","VisualLineNumber":37}]}]},{"IndexInText":2372,"Language":"ron","Length":186,"Rotation":"None","SkewAngle":0.0,"Type":"Paragraph","WordGroups":[{"IndexInText":2372,"Length":46,"Type":"Other","Words":[{"Box":[711.233,103.835,44.739,12.933],"Polygon":[103.835,711.233,148.574,711.233,148.574,724.166,103.835,724.166],"IndexInText":2372,"OcrConfidence":1.0,"Text":"Expedierea","VisualLineNumber":38},{"Box":[711.233,151.049,12.195,12.933],"Polygon":[151.049,711.233,163.244,711.233,163.244,724.166,151.049,724.166],"IndexInText":2383,"OcrConfidence":1.0,"Text":"s-a","VisualLineNumber":38},{"Box":[711.233,165.719,33.336,12.933],"Polygon":[165.719,711.233,199.055,711.233,199.055,724.166,165.719,724.166],"IndexInText":2387,"OcrConfidence":1.0,"Text":"efectuat","VisualLineNumber":38},{"Box":[711.233,201.53,7.596,12.933],"Polygon":[201.53,711.233,209.126,711.233,209.126,724.166,201.53,724.166],"IndexInText":2396,"OcrConfidence":1.0,"Text":"in","VisualLineNumber":38},{"Box":[711.233,211.601,35.685,12.933],"Polygon":[211.601,711.233,247.286,711.233,247.286,724.166,211.601,724.166],"IndexInText":2399,"OcrConfidence":1.0,"Text":"prezenta","VisualLineNumber":38},{"Box":[711.233,249.761,30.474,12.933],"Polygon":[249.761,711.233,280.235,711.233,280.235,724.166,249.761,724.166],"IndexInText":2408,"OcrConfidence":1.0,"Text":"noastra","VisualLineNumber":38},{"Box":[711.233,282.71,7.047,12.933],"Polygon":[282.71,711.233,289.757,711.233,289.757,724.166,282.71,724.166],"IndexInText":2416,"OcrConfidence":1.0,"Text":"la","VisualLineNumber":38}]},{"IndexInText":2419,"Length":70,"Type":"Other","Words":[{"Box":[725.483,103.835,18.072,12.933],"Polygon":[103.835,725.483,121.907,725.483,121.907,738.416,103.835,738.416],"IndexInText":2419,"OcrConfidence":1.0,"Text":"data","VisualLineNumber":39},{"Box":[725.483,124.382,10.206,12.933],"Polygon":[124.382,725.483,134.588,725.483,134.588,738.416,124.382,738.416],"IndexInText":2424,"OcrConfidence":1.0,"Text":"de","VisualLineNumber":39},{"Box":[725.483,137.063,58.563,12.933],"Polygon":[137.063,725.483,195.626,725.483,195.626,738.416,137.063,738.416],"IndexInText":2427,"OcrConfidence":1.0,"Text":"...........................","VisualLineNumber":39},{"Box":[725.483,198.101,13.401,12.933],"Polygon":[198.101,725.483,211.502,725.483,211.502,738.416,198.101,738.416],"IndexInText":2455,"OcrConfidence":1.0,"Text":"ora","VisualLineNumber":39},{"Box":[725.483,213.977,65.07,12.933],"Polygon":[213.977,725.483,279.047,725.483,279.047,738.416,213.977,738.416],"IndexInText":2459,"OcrConfidence":1.0,"Text":"..............................","VisualLineNumber":39}]},{"IndexInText":2490,"Length":68,"Type":"Other","Words":[{"Box":[739.733,103.835,48.897,12.933],"Polygon":[103.835,739.733,152.732,739.733,152.732,752.666,103.835,752.666],"IndexInText":2490,"OcrConfidence":1.0,"Text":"Semnaturile","VisualLineNumber":40},{"Box":[739.733,155.207,121.464,12.933],"Polygon":[155.207,739.733,276.671,739.733,276.671,752.666,155.207,752.666],"IndexInText":2502,"OcrConfidence":1.0,"Text":"........................................................","VisualLineNumber":40}]}]},{"IndexInText":2560,"Language":"bul","Length":6,"Rotation":"None","SkewAngle":0.0,"Type":"Paragraph","WordGroups":[{"IndexInText":2560,"Length":6,"Type":"Other","Words":[{"Box":[715.264,525.977,34.188,17.244],"Polygon":[525.977,715.264,560.165,715.264,560.165,732.508,525.977,732.508],"IndexInText":2560,"OcrConfidence":1.0,"Text":"177,64","VisualLineNumber":38}]}]},{"IndexInText":2568,"Language":"eng","Length":3,"Rotation":"None","SkewAngle":0.0,"Type":"Footer","WordGroups":[{"IndexInText":2568,"Length":3,"Type":"Other","Words":[{"Box":[812.415,292.773,9.73,7.7],"Polygon":[292.773,812.415,302.503,812.415,302.503,820.115,292.773,820.115],"IndexInText":2568,"OcrConfidence":1.0,"Text":"1/1","VisualLineNumber":41}]}]},{"IndexInText":2573,"Language":"eng","Length":29,"Rotation":"None","SkewAngle":0.0,"Type":"Paragraph","WordGroups":[{"IndexInText":2573,"Length":29,"Type":"Other","Words":[{"Box":[839.734,2.835,16.17,1.156],"Polygon":[2.835,839.734,19.005,839.734,19.005,840.89,2.835,840.89],"IndexInText":2573,"OcrConfidence":1.0,"Text":"PoweredbyTCPDF(www.tcpdf.org)","VisualLineNumber":42}]}]}],"ProcessingSource":"Pdf","IndexInText":0,"TextLength":2602,"SkewAngle":0.0}]}