{"DocumentId":"607c14e447548","ContentType":"application/pdf","Length":2094,"Pages":[{"PageIndex":0,"Size":[0.0,0.0,595.0,841.0],"Sections":[{"IndexInText":0,"Language":"fra","Length":12,"Rotation":"None","SkewAngle":0.0,"Type":"Paragraph","WordGroups":[{"IndexInText":0,"Length":12,"Type":"Other","Words":[{"Box":[232.92,37.1809,12.402,14.274],"Polygon":[37.1809,232.92,49.5829,232.92,49.5829,247.194,37.1809,247.194],"IndexInText":0,"OcrConfidence":1.0,"Text":"Nr.","VisualLineNumber":14},{"Box":[244.17,36.8929,12.978,14.274],"Polygon":[36.8929,244.17,49.8709,244.17,49.8709,258.444,36.8929,258.444],"IndexInText":4,"OcrConfidence":1.0,"Text":"crt.","VisualLineNumber":15},{"Box":[266.67,40.8844,4.995,14.274],"Polygon":[40.8844,266.67,45.8794,266.67,45.8794,280.944,40.8844,280.944],"IndexInText":9,"OcrConfidence":1.0,"Text":"0","VisualLineNumber":17},{"Box":[289.54,40.3564,3.216,12.688],"Polygon":[40.3564,289.54,43.5724,289.54,43.5724,302.228,40.3564,302.228],"IndexInText":11,"OcrConfidence":1.0,"Text":"1","VisualLineNumber":18}]}]},{"IndexInText":14,"Language":"eng","Length":1,"Rotation":"None","SkewAngle":0.0,"Type":"Paragraph","WordGroups":[{"IndexInText":14,"Length":1,"Type":"Other","Words":[{"Box":[329.54,39.7444,4.44,12.688],"Polygon":[39.7444,329.54,44.1844,329.54,44.1844,342.228,39.7444,342.228],"IndexInText":14,"OcrConfidence":1.0,"Text":"2","VisualLineNumber":20}]}]},{"IndexInText":17,"Language":"eng","Length":1,"Rotation":"None","SkewAngle":0.0,"Type":"Paragraph","WordGroups":[{"IndexInText":17,"Length":1,"Type":"Other","Words":[{"Box":[379.54,39.7444,4.44,12.688],"Polygon":[39.7444,379.54,44.1844,379.54,44.1844,392.228,39.7444,392.228],"IndexInText":17,"OcrConfidence":1.0,"Text":"3","VisualLineNumber":23}]}]},{"IndexInText":20,"Language":"eng","Length":1,"Rotation":"None","SkewAngle":0.0,"Type":"Paragraph","WordGroups":[{"IndexInText":20,"Length":1,"Type":"Other","Words":[{"Box":[419.54,39.6604,4.608,12.688],"Polygon":[39.6604,419.54,44.2684,419.54,44.2684,432.228,39.6604,432.228],"IndexInText":20,"OcrConfidence":1.0,"Text":"4","VisualLineNumber":25}]}]},{"IndexInText":23,"Language":"ron","Length":7,"Rotation":"None","SkewAngle":0.0,"Type":"Paragraph","WordGroups":[{"IndexInText":23,"Length":7,"Type":"Heading","Words":[{"Box":[79.42,68.111,69.36,26.38],"Polygon":[68.111,79.42,137.471,79.42,137.471,105.8,68.111,105.8],"IndexInText":23,"OcrConfidence":1.0,"Text":"Factura","VisualLineNumber":2}]}]},{"IndexInText":32,"Language":"eng","Length":32,"Rotation":"None","SkewAngle":0.0,"Type":"Paragraph","WordGroups":[{"IndexInText":32,"Length":32,"Type":"Other","Words":[{"Box":[109.797,68.111,29.197,9.233],"Polygon":[68.111,109.797,97.308,109.797,97.308,119.03,68.111,119.03],"IndexInText":32,"OcrConfidence":1.0,"Text":"Furnizor:","VisualLineNumber":3},{"Box":[109.16,103.111,75.516,11.102],"Polygon":[103.111,109.16,178.627,109.16,178.627,120.262,103.111,120.262],"IndexInText":42,"OcrConfidence":1.0,"Text":"DanteInternationalS.A.","VisualLineNumber":3}]}]},{"IndexInText":66,"Language":"ron","Length":38,"Rotation":"None","SkewAngle":0.0,"Type":"Paragraph","WordGroups":[{"IndexInText":66,"Length":38,"Type":"Other","Words":[{"Box":[118.547,68.111,10.213,9.233],"Polygon":[68.111,118.547,78.324,118.547,78.324,127.78,68.111,127.78],"IndexInText":66,"OcrConfidence":1.0,"Text":"Nr.","VisualLineNumber":4},{"Box":[118.547,80.256,39.011,9.233],"Polygon":[80.256,118.547,119.267,118.547,119.267,127.78,80.256,127.78],"IndexInText":70,"OcrConfidence":1.0,"Text":"ord.registru","VisualLineNumber":4},{"Box":[118.547,121.199,28.945,9.233],"Polygon":[121.199,118.547,150.144,118.547,150.144,127.78,121.199,127.78],"IndexInText":83,"OcrConfidence":1.0,"Text":"com./an:","VisualLineNumber":4},{"Box":[117.91,157.144,43.547,11.102],"Polygon":[157.144,117.91,200.691,117.91,200.691,129.012,157.144,129.012],"IndexInText":92,"OcrConfidence":1.0,"Text":"J40/372/2002","VisualLineNumber":4}]}]},{"IndexInText":106,"Language":"ita","Length":19,"Rotation":"None","SkewAngle":0.0,"Type":"Paragraph","WordGroups":[{"IndexInText":106,"Length":19,"Type":"Other","Words":[{"Box":[127.297,68.111,17.815,9.233],"Polygon":[68.111,127.297,85.926,127.297,85.926,136.53,68.111,136.53],"IndexInText":106,"OcrConfidence":1.0,"Text":"C.I.F.:","VisualLineNumber":5},{"Box":[126.66,103.111,9.653,11.102],"Polygon":[103.111,126.66,112.764,126.66,112.764,137.762,103.111,137.762],"IndexInText":114,"OcrConfidence":1.0,"Text":"RO","VisualLineNumber":5},{"Box":[126.66,114.689,30.345,11.102],"Polygon":[114.689,126.66,145.034,126.66,145.034,137.762,114.689,137.762],"IndexInText":117,"OcrConfidence":1.0,"Text":"14399840","VisualLineNumber":5}]}]},{"IndexInText":127,"Language":"ron","Length":44,"Rotation":"None","SkewAngle":0.0,"Type":"Paragraph","WordGroups":[{"IndexInText":127,"Length":44,"Type":"Other","Words":[{"Box":[136.047,68.111,22.939,9.233],"Polygon":[68.111,136.047,91.05,136.047,91.05,145.28,68.111,145.28],"IndexInText":127,"OcrConfidence":1.0,"Text":"Capital","VisualLineNumber":6},{"Box":[136.047,92.982,18.459,9.233],"Polygon":[92.982,136.047,111.441,136.047,111.441,145.28,92.982,145.28],"IndexInText":135,"OcrConfidence":1.0,"Text":"social","VisualLineNumber":6},{"Box":[136.047,113.373,25.949,9.233],"Polygon":[113.373,136.047,139.322,136.047,139.322,145.28,113.373,145.28],"IndexInText":142,"OcrConfidence":1.0,"Text":"subscris","VisualLineNumber":6},{"Box":[136.047,141.254,5.068,9.233],"Polygon":[141.254,136.047,146.322,136.047,146.322,145.28,141.254,145.28],"IndexInText":151,"OcrConfidence":1.0,"Text":"si","VisualLineNumber":6},{"Box":[136.047,148.254,21.812,9.233],"Polygon":[148.254,136.047,170.066,136.047,170.066,145.28,148.254,145.28],"IndexInText":154,"OcrConfidence":1.0,"Text":"varsat:","VisualLineNumber":6},{"Box":[135.41,177.066,28.574,11.102],"Polygon":[177.066,135.41,205.64,135.41,205.64,146.512,177.066,146.512],"IndexInText":162,"OcrConfidence":1.0,"Text":"1.310.243","VisualLineNumber":6}]}]},{"IndexInText":173,"Language":"ron","Length":35,"Rotation":"None","SkewAngle":0.0,"Type":"Paragraph","WordGroups":[{"IndexInText":173,"Length":35,"Type":"Other","Words":[{"Box":[144.797,68.111,17.5,9.233],"Polygon":[68.111,144.797,85.611,144.797,85.611,154.03,68.111,154.03],"IndexInText":173,"OcrConfidence":1.0,"Text":"Cont:","VisualLineNumber":7},{"Box":[144.16,103.111,17.444,11.102],"Polygon":[103.111,144.16,120.555,144.16,120.555,155.262,103.111,155.262],"IndexInText":179,"OcrConfidence":1.0,"Text":"RO26","VisualLineNumber":7},{"Box":[144.16,122.48,15.96,11.102],"Polygon":[122.48,144.16,138.44,144.16,138.44,155.262,122.48,155.262],"IndexInText":184,"OcrConfidence":1.0,"Text":"TREZ","VisualLineNumber":7},{"Box":[144.16,140.365,15.407,11.102],"Polygon":[140.365,144.16,155.772,144.16,155.772,155.262,140.365,155.262],"IndexInText":189,"OcrConfidence":1.0,"Text":"7005","VisualLineNumber":7},{"Box":[144.16,157.697,16.03,11.102],"Polygon":[157.697,144.16,173.727,144.16,173.727,155.262,157.697,155.262],"IndexInText":194,"OcrConfidence":1.0,"Text":"069X","VisualLineNumber":7},{"Box":[144.16,175.652,16.436,11.102],"Polygon":[175.652,144.16,192.088,144.16,192.088,155.262,175.652,155.262],"IndexInText":199,"OcrConfidence":1.0,"Text":"XX00","VisualLineNumber":7},{"Box":[144.16,194.013,14.357,11.102],"Polygon":[194.013,144.16,208.37,144.16,208.37,155.262,194.013,155.262],"IndexInText":204,"OcrConfidence":1.0,"Text":"1637","VisualLineNumber":7}]}]},{"IndexInText":210,"Language":"ron","Length":67,"Rotation":"None","SkewAngle":0.0,"Type":"Paragraph","WordGroups":[{"IndexInText":210,"Length":67,"Type":"Other","Words":[{"Box":[153.547,68.111,21.511,9.233],"Polygon":[68.111,153.547,89.622,153.547,89.622,162.78,68.111,162.78],"IndexInText":210,"OcrConfidence":1.0,"Text":"Banca:","VisualLineNumber":8},{"Box":[152.91,103.111,32.039,11.102],"Polygon":[103.111,152.91,135.15,152.91,135.15,164.012,103.111,164.012],"IndexInText":217,"OcrConfidence":1.0,"Text":"Trezorerie","VisualLineNumber":8},{"Box":[152.91,137.075,4.844,11.102],"Polygon":[137.075,152.91,141.919,152.91,141.919,164.012,137.075,164.012],"IndexInText":228,"OcrConfidence":1.0,"Text":"si","VisualLineNumber":8},{"Box":[152.91,143.844,40.915,11.102],"Polygon":[143.844,152.91,184.759,152.91,184.759,164.012,143.844,164.012],"IndexInText":231,"OcrConfidence":1.0,"Text":"Contabilitate","VisualLineNumber":8},{"Box":[152.91,186.684,22.988,11.102],"Polygon":[186.684,152.91,209.672,152.91,209.672,164.012,186.684,164.012],"IndexInText":245,"OcrConfidence":1.0,"Text":"Publica","VisualLineNumber":8},{"Box":[152.91,211.597,3.654,11.102],"Polygon":[211.597,152.91,215.251,152.91,215.251,164.012,211.597,164.012],"IndexInText":253,"OcrConfidence":1.0,"Text":"a","VisualLineNumber":8},{"Box":[152.91,217.176,39.438,11.102],"Polygon":[217.176,152.91,256.614,152.91,256.614,164.012,217.176,164.012],"IndexInText":255,"OcrConfidence":1.0,"Text":"Municipiului","VisualLineNumber":8},{"Box":[161.66,103.111,29.358,11.102],"Polygon":[103.111,161.66,132.469,161.66,132.469,172.762,103.111,172.762],"IndexInText":268,"OcrConfidence":1.0,"Text":"Bucuresti","VisualLineNumber":9}]}]},{"IndexInText":279,"Language":"ita","Length":45,"Rotation":"None","SkewAngle":0.0,"Type":"Paragraph","WordGroups":[{"IndexInText":279,"Length":45,"Type":"Heading","Words":[{"Box":[171.047,68.111,14.217,9.233],"Polygon":[68.111,171.047,82.328,171.047,82.328,180.28,68.111,180.28],"IndexInText":279,"OcrConfidence":1.0,"Text":"BRD","VisualLineNumber":10},{"Box":[171.047,84.26,31.143,9.233],"Polygon":[84.26,171.047,115.403,171.047,115.403,180.28,84.26,180.28],"IndexInText":283,"OcrConfidence":1.0,"Text":"Sucursala","VisualLineNumber":10},{"Box":[171.047,117.335,15.239,9.233],"Polygon":[117.335,171.047,132.574,171.047,132.574,180.28,117.335,180.28],"IndexInText":293,"OcrConfidence":1.0,"Text":"Mari","VisualLineNumber":10},{"Box":[171.047,134.506,21.077,9.233],"Polygon":[134.506,171.047,155.583,171.047,155.583,180.28,134.506,180.28],"IndexInText":298,"OcrConfidence":1.0,"Text":"Clienti","VisualLineNumber":10},{"Box":[171.047,157.515,37.093,9.233],"Polygon":[157.515,171.047,194.608,171.047,194.608,180.28,157.515,180.28],"IndexInText":306,"OcrConfidence":1.0,"Text":"Corporativi","VisualLineNumber":10},{"Box":[171.047,196.54,24.528,9.233],"Polygon":[196.54,171.047,221.068,171.047,221.068,180.28,196.54,180.28],"IndexInText":318,"OcrConfidence":1.0,"Text":"(SMCC)","VisualLineNumber":10}]}]},{"IndexInText":326,"Language":"nor","Length":29,"Rotation":"None","SkewAngle":0.0,"Type":"Paragraph","WordGroups":[{"IndexInText":326,"Length":29,"Type":"Other","Words":[{"Box":[179.16,103.111,17.423,11.102],"Polygon":[103.111,179.16,120.534,179.16,120.534,190.262,103.111,190.262],"IndexInText":326,"OcrConfidence":1.0,"Text":"RO38","VisualLineNumber":11},{"Box":[179.16,122.459,17.234,11.102],"Polygon":[122.459,179.16,139.693,179.16,139.693,190.262,122.459,190.262],"IndexInText":331,"OcrConfidence":1.0,"Text":"BRDE","VisualLineNumber":11},{"Box":[179.16,141.618,15.61,11.102],"Polygon":[141.618,179.16,157.228,179.16,157.228,190.262,141.618,190.262],"IndexInText":336,"OcrConfidence":1.0,"Text":"450S","VisualLineNumber":11},{"Box":[179.16,159.153,16.149,11.102],"Polygon":[159.153,179.16,175.302,179.16,175.302,190.262,159.153,190.262],"IndexInText":341,"OcrConfidence":1.0,"Text":"V883","VisualLineNumber":11},{"Box":[179.16,177.227,15.428,11.102],"Polygon":[177.227,179.16,192.655,179.16,192.655,190.262,177.227,190.262],"IndexInText":346,"OcrConfidence":1.0,"Text":"7600","VisualLineNumber":11},{"Box":[179.16,194.58,15.687,11.102],"Polygon":[194.58,179.16,210.267,179.16,210.267,190.262,194.58,190.262],"IndexInText":351,"OcrConfidence":1.0,"Text":"4500","VisualLineNumber":11}]}]},{"IndexInText":357,"Language":"ron","Length":53,"Rotation":"None","SkewAngle":0.0,"Type":"Paragraph","WordGroups":[{"IndexInText":357,"Length":53,"Type":"Other","Words":[{"Box":[188.547,68.111,22.155,9.233],"Polygon":[68.111,188.547,90.266,188.547,90.266,197.78,68.111,197.78],"IndexInText":357,"OcrConfidence":1.0,"Text":"Sediul:","VisualLineNumber":12},{"Box":[187.91,103.111,10.731,11.102],"Polygon":[103.111,187.91,113.842,187.91,113.842,199.012,103.111,199.012],"IndexInText":365,"OcrConfidence":1.0,"Text":"148","VisualLineNumber":12},{"Box":[187.91,115.767,23.387,11.102],"Polygon":[115.767,187.91,139.154,187.91,139.154,199.012,115.767,199.012],"IndexInText":369,"OcrConfidence":1.0,"Text":"Virtutii,","VisualLineNumber":12},{"Box":[187.91,141.079,13.097,11.102],"Polygon":[141.079,187.91,154.176,187.91,154.176,199.012,141.079,199.012],"IndexInText":379,"OcrConfidence":1.0,"Text":"E47,","VisualLineNumber":12},{"Box":[187.91,156.101,20.111,11.102],"Polygon":[156.101,187.91,176.212,187.91,176.212,199.012,156.101,199.012],"IndexInText":384,"OcrConfidence":1.0,"Text":"Sector","VisualLineNumber":12},{"Box":[187.91,178.137,5.593,11.102],"Polygon":[178.137,187.91,183.73,187.91,183.73,199.012,178.137,199.012],"IndexInText":391,"OcrConfidence":1.0,"Text":"6,","VisualLineNumber":12},{"Box":[187.91,185.655,29.358,11.102],"Polygon":[185.655,187.91,215.013,187.91,215.013,199.012,185.655,199.012],"IndexInText":394,"OcrConfidence":1.0,"Text":"Bucuresti","VisualLineNumber":12},{"Box":[187.91,216.938,23.065,11.102],"Polygon":[216.938,187.91,240.003,187.91,240.003,199.012,216.938,199.012],"IndexInText":404,"OcrConfidence":1.0,"Text":"060787","VisualLineNumber":12}]}]},{"IndexInText":412,"Language":"fra","Length":44,"Rotation":"None","SkewAngle":0.0,"Type":"Paragraph","WordGroups":[{"IndexInText":412,"Length":44,"Type":"Other","Words":[{"Box":[197.297,68.111,11.774,9.233],"Polygon":[68.111,197.297,79.885,197.297,79.885,206.53,68.111,206.53],"IndexInText":412,"OcrConfidence":1.0,"Text":"Tel:","VisualLineNumber":13},{"Box":[196.66,86.885,12.775,11.102],"Polygon":[86.885,196.66,99.66,196.66,99.66,207.762,86.885,207.762],"IndexInText":417,"OcrConfidence":1.0,"Text":"+40","VisualLineNumber":13},{"Box":[196.66,101.585,6.699,11.102],"Polygon":[101.585,196.66,108.284,196.66,108.284,207.762,101.585,207.762],"IndexInText":421,"OcrConfidence":1.0,"Text":"21","VisualLineNumber":13},{"Box":[196.66,110.209,11.655,11.102],"Polygon":[110.209,196.66,121.864,196.66,121.864,207.762,110.209,207.762],"IndexInText":424,"OcrConfidence":1.0,"Text":"200","VisualLineNumber":13},{"Box":[196.66,123.789,7.77,11.102],"Polygon":[123.789,196.66,131.559,196.66,131.559,207.762,123.789,207.762],"IndexInText":428,"OcrConfidence":1.0,"Text":"52","VisualLineNumber":13},{"Box":[196.66,133.484,9.457,11.102],"Polygon":[133.484,196.66,142.941,196.66,142.941,207.762,133.484,207.762],"IndexInText":431,"OcrConfidence":1.0,"Text":"00,","VisualLineNumber":13},{"Box":[196.66,144.866,11.263,11.102],"Polygon":[144.866,196.66,156.129,196.66,156.129,207.762,144.866,207.762],"IndexInText":435,"OcrConfidence":1.0,"Text":"fax:","VisualLineNumber":13},{"Box":[196.66,158.054,12.775,11.102],"Polygon":[158.054,196.66,170.829,196.66,170.829,207.762,158.054,207.762],"IndexInText":440,"OcrConfidence":1.0,"Text":"+40","VisualLineNumber":13},{"Box":[196.66,172.754,6.699,11.102],"Polygon":[172.754,196.66,179.453,196.66,179.453,207.762,172.754,207.762],"IndexInText":444,"OcrConfidence":1.0,"Text":"21","VisualLineNumber":13},{"Box":[196.66,181.378,11.655,11.102],"Polygon":[181.378,196.66,193.033,196.66,193.033,207.762,181.378,207.762],"IndexInText":447,"OcrConfidence":1.0,"Text":"200","VisualLineNumber":13},{"Box":[196.66,194.958,7.77,11.102],"Polygon":[194.958,196.66,202.728,196.66,202.728,207.762,194.958,207.762],"IndexInText":451,"OcrConfidence":1.0,"Text":"52","VisualLineNumber":13},{"Box":[196.66,204.653,7.77,11.102],"Polygon":[204.653,196.66,212.423,196.66,212.423,207.762,204.653,207.762],"IndexInText":454,"OcrConfidence":1.0,"Text":"25","VisualLineNumber":13}]}]},{"IndexInText":458,"Language":"ron","Length":43,"Rotation":"None","SkewAngle":0.0,"Type":"Paragraph","WordGroups":[{"IndexInText":458,"Length":43,"Type":"Other","Words":[{"Box":[232.92,72.1011,44.856,14.274],"Polygon":[72.1011,232.92,116.9571,232.92,116.9571,247.194,72.1011,247.194],"IndexInText":458,"OcrConfidence":1.0,"Text":"Denumirea","VisualLineNumber":14},{"Box":[232.92,119.4321,44.514,14.274],"Polygon":[119.4321,232.92,163.9461,232.92,163.9461,247.194,119.4321,247.194],"IndexInText":468,"OcrConfidence":1.0,"Text":"produselor","VisualLineNumber":14},{"Box":[232.92,166.4211,13.824,14.274],"Polygon":[166.4211,232.92,180.2451,232.92,180.2451,247.194,166.4211,247.194],"IndexInText":479,"OcrConfidence":1.0,"Text":"sau","VisualLineNumber":14},{"Box":[232.92,182.7201,4.698,14.274],"Polygon":[182.7201,232.92,187.4181,232.92,187.4181,247.194,182.7201,247.194],"IndexInText":483,"OcrConfidence":1.0,"Text":"a","VisualLineNumber":14},{"Box":[232.92,189.8931,38.88,14.274],"Polygon":[189.8931,232.92,228.7731,232.92,228.7731,247.194,189.8931,247.194],"IndexInText":485,"OcrConfidence":1.0,"Text":"serviciilor","VisualLineNumber":14},{"Box":[232.92,248.0018,18.981,14.274],"Polygon":[248.0018,232.92,266.9828,232.92,266.9828,247.194,248.0018,247.194],"IndexInText":497,"OcrConfidence":1.0,"Text":"U.M.","VisualLineNumber":14}]}]},{"IndexInText":503,"Language":"eng","Length":1,"Rotation":"None","SkewAngle":0.0,"Type":"Paragraph","WordGroups":[{"IndexInText":503,"Length":1,"Type":"Other","Words":[{"Box":[266.67,148.6281,3.618,14.274],"Polygon":[148.6281,266.67,152.2461,266.67,152.2461,280.944,148.6281,280.944],"IndexInText":503,"OcrConfidence":1.0,"Text":"1","VisualLineNumber":17}]}]},{"IndexInText":506,"Language":"swe","Length":72,"Rotation":"None","SkewAngle":0.0,"Type":"Paragraph","WordGroups":[{"IndexInText":506,"Length":72,"Type":"Other","Words":[{"Box":[289.54,59.5988,31.6,12.688],"Polygon":[59.5988,289.54,91.1988,289.54,91.1988,302.228,59.5988,302.228],"IndexInText":506,"OcrConfidence":1.0,"Text":"Procesor","VisualLineNumber":18},{"Box":[289.54,93.3988,18.496,12.688],"Polygon":[93.3988,289.54,111.8948,289.54,111.8948,302.228,93.3988,302.228],"IndexInText":515,"OcrConfidence":1.0,"Text":"AMD","VisualLineNumber":18},{"Box":[289.54,114.0948,24.576,12.688],"Polygon":[114.0948,289.54,138.6708,289.54,138.6708,302.228,114.0948,302.228],"IndexInText":519,"OcrConfidence":1.0,"Text":"RYZEN","VisualLineNumber":18},{"Box":[289.54,140.8708,25.104,12.688],"Polygon":[140.8708,289.54,165.9748,289.54,165.9748,302.228,140.8708,302.228],"IndexInText":525,"OcrConfidence":1.0,"Text":"31200,","VisualLineNumber":18},{"Box":[289.54,168.1748,35.448,12.688],"Polygon":[168.1748,289.54,203.6228,289.54,203.6228,302.228,168.1748,302.228],"IndexInText":532,"OcrConfidence":1.0,"Text":"3100MHz,","VisualLineNumber":18},{"Box":[289.54,205.8228,21.808,12.688],"Polygon":[205.8228,289.54,227.6308,289.54,227.6308,302.228,205.8228,302.228],"IndexInText":541,"OcrConfidence":1.0,"Text":"10MB,","VisualLineNumber":18},{"Box":[299.54,59.5988,23.32,12.688],"Polygon":[59.5988,299.54,82.9188,299.54,82.9188,312.228,59.5988,312.228],"IndexInText":547,"OcrConfidence":1.0,"Text":"socket","VisualLineNumber":19},{"Box":[299.54,85.1188,19.296,12.688],"Polygon":[85.1188,299.54,104.4148,299.54,104.4148,312.228,85.1188,312.228],"IndexInText":554,"OcrConfidence":1.0,"Text":"AM4,","VisualLineNumber":19},{"Box":[299.54,106.6148,13.616,12.688],"Polygon":[106.6148,299.54,120.2308,299.54,120.2308,312.228,106.6148,312.228],"IndexInText":559,"OcrConfidence":1.0,"Text":"Box","VisualLineNumber":19},{"Box":[299.54,122.4308,67.208,12.688],"Polygon":[122.4308,299.54,189.6388,299.54,189.6388,312.228,122.4308,312.228],"IndexInText":563,"OcrConfidence":1.0,"Text":"[YD1200BBAEBOX]","VisualLineNumber":19}]}]},{"IndexInText":580,"Language":"eng","Length":92,"Rotation":"None","SkewAngle":0.0,"Type":"Paragraph","WordGroups":[{"IndexInText":580,"Length":92,"Type":"Other","Words":[{"Box":[329.54,59.5988,32.8,12.688],"Polygon":[59.5988,329.54,92.3988,329.54,92.3988,342.228,59.5988,342.228],"IndexInText":580,"OcrConfidence":1.0,"Text":"Memorie","VisualLineNumber":20},{"Box":[329.54,94.5988,25.376,12.688],"Polygon":[94.5988,329.54,119.9748,329.54,119.9748,342.228,94.5988,342.228],"IndexInText":588,"OcrConfidence":1.0,"Text":"Corsair","VisualLineNumber":20},{"Box":[329.54,122.1748,41.896,12.688],"Polygon":[122.1748,329.54,164.0708,329.54,164.0708,342.228,122.1748,342.228],"IndexInText":596,"OcrConfidence":1.0,"Text":"ValueSelect","VisualLineNumber":20},{"Box":[329.54,166.2708,14.848,12.688],"Polygon":[166.2708,329.54,181.1188,329.54,181.1188,342.228,166.2708,342.228],"IndexInText":608,"OcrConfidence":1.0,"Text":"8GB","VisualLineNumber":20},{"Box":[329.54,183.3188,24.784,12.688],"Polygon":[183.3188,329.54,208.1028,329.54,208.1028,342.228,183.3188,342.228],"IndexInText":612,"OcrConfidence":1.0,"Text":"DIMM,","VisualLineNumber":20},{"Box":[329.54,210.3028,22.992,12.688],"Polygon":[210.3028,329.54,233.2948,329.54,233.2948,342.228,210.3028,342.228],"IndexInText":618,"OcrConfidence":1.0,"Text":"DDR4,","VisualLineNumber":20},{"Box":[339.54,59.5988,16.536,12.688],"Polygon":[59.5988,339.54,76.1348,339.54,76.1348,352.228,59.5988,352.228],"IndexInText":624,"OcrConfidence":1.0,"Text":"2133","VisualLineNumber":21},{"Box":[339.54,78.3348,18.912,12.688],"Polygon":[78.3348,339.54,97.2468,339.54,97.2468,352.228,78.3348,352.228],"IndexInText":629,"OcrConfidence":1.0,"Text":"MHz,","VisualLineNumber":21},{"Box":[339.54,99.4468,8.88,12.688],"Polygon":[99.4468,339.54,108.3268,339.54,108.3268,352.228,99.4468,352.228],"IndexInText":634,"OcrConfidence":1.0,"Text":"CL","VisualLineNumber":21},{"Box":[339.54,110.5268,9.584,12.688],"Polygon":[110.5268,339.54,120.1108,339.54,120.1108,352.228,110.5268,352.228],"IndexInText":637,"OcrConfidence":1.0,"Text":"15,","VisualLineNumber":21},{"Box":[339.54,122.3108,16.648,12.688],"Polygon":[122.3108,339.54,138.9588,339.54,138.9588,352.228,122.3108,352.228],"IndexInText":641,"OcrConfidence":1.0,"Text":"1.2V,","VisualLineNumber":21},{"Box":[339.54,141.1588,19.056,12.688],"Polygon":[141.1588,339.54,160.2148,339.54,160.2148,352.228,141.1588,352.228],"IndexInText":647,"OcrConfidence":1.0,"Text":"Black","VisualLineNumber":21},{"Box":[349.54,59.5988,87.52,12.688],"Polygon":[59.5988,349.54,147.1188,349.54,147.1188,362.228,59.5988,362.228],"IndexInText":653,"OcrConfidence":1.0,"Text":"[CMV8GX4M1A2133C15]","VisualLineNumber":22}]}]},{"IndexInText":674,"Language":"swe","Length":58,"Rotation":"None","SkewAngle":0.0,"Type":"Paragraph","WordGroups":[{"IndexInText":674,"Length":58,"Type":"Other","Words":[{"Box":[379.54,59.5988,18.872,12.688],"Polygon":[59.5988,379.54,78.4708,379.54,78.4708,392.228,59.5988,392.228],"IndexInText":674,"OcrConfidence":1.0,"Text":"Placa","VisualLineNumber":23},{"Box":[379.54,80.6708,9.072,12.688],"Polygon":[80.6708,379.54,89.7428,379.54,89.7428,392.228,80.6708,392.228],"IndexInText":680,"OcrConfidence":1.0,"Text":"de","VisualLineNumber":23},{"Box":[379.54,91.9428,16.888,12.688],"Polygon":[91.9428,379.54,108.8308,379.54,108.8308,392.228,91.9428,392.228],"IndexInText":683,"OcrConfidence":1.0,"Text":"baza","VisualLineNumber":23},{"Box":[379.54,111.0308,32.688,12.688],"Polygon":[111.0308,379.54,143.7188,379.54,143.7188,392.228,111.0308,392.228],"IndexInText":688,"OcrConfidence":1.0,"Text":"Gigabyte","VisualLineNumber":23},{"Box":[379.54,145.9188,52.112,12.688],"Polygon":[145.9188,379.54,198.0308,379.54,198.0308,392.228,145.9188,392.228],"IndexInText":697,"OcrConfidence":1.0,"Text":"AB350M-HD3,","VisualLineNumber":23},{"Box":[379.54,200.2308,24.224,12.688],"Polygon":[200.2308,379.54,224.4548,379.54,224.4548,392.228,200.2308,392.228],"IndexInText":709,"OcrConfidence":1.0,"Text":"Socket","VisualLineNumber":23},{"Box":[389.54,59.5988,17.368,12.688],"Polygon":[59.5988,389.54,76.9668,389.54,76.9668,402.228,59.5988,402.228],"IndexInText":716,"OcrConfidence":1.0,"Text":"AM4","VisualLineNumber":24},{"Box":[389.54,79.1668,55.496,12.688],"Polygon":[79.1668,389.54,134.6628,389.54,134.6628,402.228,79.1668,402.228],"IndexInText":720,"OcrConfidence":1.0,"Text":"[AB350M-HD3]","VisualLineNumber":24}]}]},{"IndexInText":734,"Language":"eng","Length":63,"Rotation":"None","SkewAngle":0.0,"Type":"Paragraph","WordGroups":[{"IndexInText":734,"Length":63,"Type":"Other","Words":[{"Box":[419.54,59.5988,32.024,12.688],"Polygon":[59.5988,419.54,91.6228,419.54,91.6228,432.228,59.5988,432.228],"IndexInText":734,"OcrConfidence":1.0,"Text":"Discount","VisualLineNumber":25},{"Box":[419.54,93.8228,30.784,12.688],"Polygon":[93.8228,419.54,124.6068,419.54,124.6068,432.228,93.8228,432.228],"IndexInText":743,"OcrConfidence":1.0,"Text":"conform","VisualLineNumber":25},{"Box":[419.54,126.8068,35.576,12.688],"Polygon":[126.8068,419.54,162.3828,419.54,162.3828,432.228,126.8068,432.228],"IndexInText":751,"OcrConfidence":1.0,"Text":"promotie:","VisualLineNumber":25},{"Box":[429.54,59.5988,82.208,12.688],"Polygon":[59.5988,429.54,141.8068,429.54,141.8068,442.228,59.5988,442.228],"IndexInText":761,"OcrConfidence":1.0,"Text":"CMV8GX4M1A2133C15","VisualLineNumber":26},{"Box":[429.54,144.0068,76.848,12.688],"Polygon":[144.0068,429.54,220.8548,429.54,220.8548,442.228,144.0068,442.228],"IndexInText":779,"OcrConfidence":1.0,"Text":"[DPRO1VAT19TYPE11]","VisualLineNumber":26}]}]},{"IndexInText":799,"Language":"eng","Length":5,"Rotation":"None","SkewAngle":0.0,"Type":"Paragraph","WordGroups":[{"IndexInText":799,"Length":5,"Type":"Heading","Words":[{"Box":[266.67,254.9948,4.995,14.274],"Polygon":[254.9948,266.67,259.9898,266.67,259.9898,280.944,254.9948,280.944],"IndexInText":799,"OcrConfidence":1.0,"Text":"2","VisualLineNumber":17},{"Box":[289.54,249.4508,13.248,12.688],"Polygon":[249.4508,289.54,262.6988,289.54,262.6988,302.228,249.4508,302.228],"IndexInText":801,"OcrConfidence":1.0,"Text":"buc","VisualLineNumber":18}]}]},{"IndexInText":806,"Language":"eng","Length":3,"Rotation":"None","SkewAngle":0.0,"Type":"Paragraph","WordGroups":[{"IndexInText":806,"Length":3,"Type":"Other","Words":[{"Box":[329.54,249.4508,13.248,12.688],"Polygon":[249.4508,329.54,262.6988,329.54,262.6988,342.228,249.4508,342.228],"IndexInText":806,"OcrConfidence":1.0,"Text":"buc","VisualLineNumber":20}]}]},{"IndexInText":811,"Language":"eng","Length":3,"Rotation":"None","SkewAngle":0.0,"Type":"Paragraph","WordGroups":[{"IndexInText":811,"Length":3,"Type":"Other","Words":[{"Box":[379.54,249.4508,13.248,12.688],"Polygon":[249.4508,379.54,262.6988,379.54,262.6988,392.228,249.4508,392.228],"IndexInText":811,"OcrConfidence":1.0,"Text":"buc","VisualLineNumber":23}]}]},{"IndexInText":816,"Language":"eng","Length":3,"Rotation":"None","SkewAngle":0.0,"Type":"Paragraph","WordGroups":[{"IndexInText":816,"Length":3,"Type":"Other","Words":[{"Box":[419.54,249.4508,13.248,12.688],"Polygon":[249.4508,419.54,262.6988,419.54,262.6988,432.228,249.4508,432.228],"IndexInText":816,"OcrConfidence":1.0,"Text":"buc","VisualLineNumber":25}]}]},{"IndexInText":821,"Language":"eng","Length":11,"Rotation":"None","SkewAngle":0.0,"Type":"Paragraph","WordGroups":[{"IndexInText":821,"Length":11,"Type":"Other","Words":[{"Box":[29.797,313.111,18.151,9.233],"Polygon":[313.111,29.797,331.262,29.797,331.262,39.03,313.111,39.03],"IndexInText":821,"OcrConfidence":1.0,"Text":"Seria:","VisualLineNumber":0},{"Box":[29.16,363.111,21.56,11.102],"Polygon":[363.111,29.16,384.671,29.16,384.671,40.262,363.111,40.262],"IndexInText":828,"OcrConfidence":1.0,"Text":"ROWH","VisualLineNumber":0}]}]},{"IndexInText":834,"Language":"ron","Length":25,"Rotation":"None","SkewAngle":0.0,"Type":"Paragraph","WordGroups":[{"IndexInText":834,"Length":25,"Type":"Other","Words":[{"Box":[38.547,313.111,15.414,9.233],"Polygon":[313.111,38.547,328.525,38.547,328.525,47.78,313.111,47.78],"IndexInText":834,"OcrConfidence":1.0,"Text":"Data","VisualLineNumber":1},{"Box":[38.547,330.457,8.729,9.233],"Polygon":[330.457,38.547,339.186,38.547,339.186,47.78,330.457,47.78],"IndexInText":839,"OcrConfidence":1.0,"Text":"(Z,","VisualLineNumber":1},{"Box":[38.547,341.118,5.474,9.233],"Polygon":[341.118,38.547,346.592,38.547,346.592,47.78,341.118,47.78],"IndexInText":843,"OcrConfidence":1.0,"Text":"L,","VisualLineNumber":1},{"Box":[38.547,348.524,7.504,9.233],"Polygon":[348.524,38.547,356.028,38.547,356.028,47.78,348.524,47.78],"IndexInText":846,"OcrConfidence":1.0,"Text":"A)","VisualLineNumber":1},{"Box":[37.91,363.111,33.362,11.102],"Polygon":[363.111,37.91,396.473,37.91,396.473,49.012,363.111,49.012],"IndexInText":849,"OcrConfidence":1.0,"Text":"13-12-2017","VisualLineNumber":1}]}]},{"IndexInText":861,"Language":"ron","Length":24,"Rotation":"None","SkewAngle":0.0,"Type":"Paragraph","WordGroups":[{"IndexInText":861,"Length":24,"Type":"Other","Words":[{"Box":[29.797,432.835,8.316,9.233],"Polygon":[432.835,29.797,441.151,29.797,441.151,39.03,432.835,39.03],"IndexInText":861,"OcrConfidence":1.0,"Text":"Nr","VisualLineNumber":0},{"Box":[29.797,443.083,25.214,9.233],"Polygon":[443.083,29.797,468.297,29.797,468.297,39.03,443.083,39.03],"IndexInText":864,"OcrConfidence":1.0,"Text":"factura:","VisualLineNumber":0},{"Box":[29.797,470.229,48.3,9.233],"Polygon":[470.229,29.797,518.529,29.797,518.529,39.03,470.229,39.03],"IndexInText":873,"OcrConfidence":1.0,"Text":"189904030198","VisualLineNumber":0}]}]},{"IndexInText":887,"Language":"bul","Length":15,"Rotation":"None","SkewAngle":0.0,"Type":"Paragraph","WordGroups":[{"IndexInText":887,"Length":15,"Type":"Other","Words":[{"Box":[80.077,430.0,4.025,9.233],"Polygon":[430.0,80.077,434.025,80.077,434.025,89.31,430.0,89.31],"IndexInText":887,"OcrConfidence":1.0,"Text":"4","VisualLineNumber":2},{"Box":[80.077,443.4821,4.025,9.233],"Polygon":[443.4821,80.077,447.5071,80.077,447.5071,89.31,443.4821,89.31],"IndexInText":889,"OcrConfidence":1.0,"Text":"2","VisualLineNumber":2},{"Box":[80.077,456.9643,4.025,9.233],"Polygon":[456.9643,80.077,460.9893,80.077,460.9893,89.31,456.9643,89.31],"IndexInText":891,"OcrConfidence":1.0,"Text":"3","VisualLineNumber":2},{"Box":[80.077,470.4464,4.025,9.233],"Polygon":[470.4464,80.077,474.4714,80.077,474.4714,89.31,470.4464,89.31],"IndexInText":893,"OcrConfidence":1.0,"Text":"9","VisualLineNumber":2},{"Box":[80.077,483.9286,4.025,9.233],"Polygon":[483.9286,80.077,487.9536,80.077,487.9536,89.31,483.9286,89.31],"IndexInText":895,"OcrConfidence":1.0,"Text":"5","VisualLineNumber":2},{"Box":[80.077,497.4107,4.025,9.233],"Polygon":[497.4107,80.077,501.4357,80.077,501.4357,89.31,497.4107,89.31],"IndexInText":897,"OcrConfidence":1.0,"Text":"9","VisualLineNumber":2},{"Box":[80.077,510.8929,4.025,9.233],"Polygon":[510.8929,80.077,514.9179,80.077,514.9179,89.31,510.8929,89.31],"IndexInText":899,"OcrConfidence":1.0,"Text":"4","VisualLineNumber":2},{"Box":[80.077,524.375,4.025,9.233],"Polygon":[524.375,80.077,528.4,80.077,528.4,89.31,524.375,89.31],"IndexInText":901,"OcrConfidence":1.0,"Text":"4","VisualLineNumber":2}]}]},{"IndexInText":904,"Language":"ron","Length":51,"Rotation":"None","SkewAngle":0.0,"Type":"Paragraph","WordGroups":[{"IndexInText":904,"Length":51,"Type":"Heading","Words":[{"Box":[109.797,313.111,75.502,9.233],"Polygon":[313.111,109.797,388.613,109.797,388.613,119.03,313.111,119.03],"IndexInText":904,"OcrConfidence":1.0,"Text":"Cumparator(denumire,","VisualLineNumber":3},{"Box":[109.797,390.545,19.922,9.233],"Polygon":[390.545,109.797,410.467,109.797,410.467,119.03,390.545,119.03],"IndexInText":925,"OcrConfidence":1.0,"Text":"forma","VisualLineNumber":3},{"Box":[109.797,412.399,27.027,9.233],"Polygon":[412.399,109.797,439.426,109.797,439.426,119.03,412.399,119.03],"IndexInText":931,"OcrConfidence":1.0,"Text":"juridica)","VisualLineNumber":3},{"Box":[118.547,313.111,23.142,9.233],"Polygon":[313.111,118.547,336.253,118.547,336.253,127.78,313.111,127.78],"IndexInText":941,"OcrConfidence":1.0,"Text":"Ielcean","VisualLineNumber":4},{"Box":[118.547,338.185,25.431,9.233],"Polygon":[338.185,118.547,363.616,118.547,363.616,127.78,338.185,127.78],"IndexInText":949,"OcrConfidence":1.0,"Text":"Bogdan","VisualLineNumber":4}]}]},{"IndexInText":957,"Language":"ron","Length":76,"Rotation":"None","SkewAngle":0.0,"Type":"Paragraph","WordGroups":[{"IndexInText":957,"Length":76,"Type":"Other","Words":[{"Box":[144.797,313.111,20.258,9.233],"Polygon":[313.111,144.797,333.369,144.797,333.369,154.03,313.111,154.03],"IndexInText":957,"OcrConfidence":1.0,"Text":"Sediul","VisualLineNumber":7},{"Box":[144.16,348.111,12.082,11.102],"Polygon":[348.111,144.16,360.193,144.16,360.193,155.262,348.111,155.262],"IndexInText":964,"OcrConfidence":1.0,"Text":"Cluj","VisualLineNumber":7},{"Box":[144.16,362.118,26.054,11.102],"Polygon":[362.118,144.16,388.172,144.16,388.172,155.262,362.118,155.262],"IndexInText":969,"OcrConfidence":1.0,"Text":"Napoca,","VisualLineNumber":7},{"Box":[144.16,390.097,13.769,11.102],"Polygon":[390.097,144.16,403.866,144.16,403.866,155.262,390.097,155.262],"IndexInText":977,"OcrConfidence":1.0,"Text":"Cluj,","VisualLineNumber":7},{"Box":[144.16,405.791,32.375,11.102],"Polygon":[405.791,144.16,438.166,144.16,438.166,155.262,405.791,155.262],"IndexInText":983,"OcrConfidence":1.0,"Text":"Alexandru","VisualLineNumber":7},{"Box":[144.16,440.091,24.311,11.102],"Polygon":[440.091,144.16,464.402,144.16,464.402,155.262,440.091,155.262],"IndexInText":993,"OcrConfidence":1.0,"Text":"Vlahuta","VisualLineNumber":7},{"Box":[144.16,466.327,13.524,11.102],"Polygon":[466.327,144.16,479.851,144.16,479.851,155.262,466.327,155.262],"IndexInText":1001,"OcrConfidence":1.0,"Text":"Bloc","VisualLineNumber":7},{"Box":[144.16,481.776,16.933,11.102],"Polygon":[481.776,144.16,498.709,144.16,498.709,155.262,481.776,155.262],"IndexInText":1006,"OcrConfidence":1.0,"Text":"Lama","VisualLineNumber":7},{"Box":[144.16,500.634,3.514,11.102],"Polygon":[500.634,144.16,504.148,144.16,504.148,155.262,500.634,155.262],"IndexInText":1011,"OcrConfidence":1.0,"Text":"F","VisualLineNumber":7},{"Box":[144.16,506.073,14.49,11.102],"Polygon":[506.073,144.16,520.563,144.16,520.563,155.262,506.073,155.262],"IndexInText":1013,"OcrConfidence":1.0,"Text":"Ap.5","VisualLineNumber":7},{"Box":[144.16,522.488,39.263,11.102],"Polygon":[522.488,144.16,561.751,144.16,561.751,155.262,522.488,155.262],"IndexInText":1018,"OcrConfidence":1.0,"Text":"Cluj-Napoca","VisualLineNumber":7},{"Box":[152.91,348.111,2.814,11.102],"Polygon":[348.111,152.91,350.925,152.91,350.925,164.012,348.111,164.012],"IndexInText":1030,"OcrConfidence":1.0,"Text":"-","VisualLineNumber":8},{"Box":[161.66,348.111,2.814,11.102],"Polygon":[348.111,161.66,350.925,161.66,350.925,172.762,348.111,172.762],"IndexInText":1032,"OcrConfidence":1.0,"Text":"-","VisualLineNumber":9}]}]},{"IndexInText":1035,"Language":"ron","Length":12,"Rotation":"None","SkewAngle":0.0,"Type":"Paragraph","WordGroups":[{"IndexInText":1035,"Length":12,"Type":"Heading","Words":[{"Box":[171.047,313.111,24.416,9.233],"Polygon":[313.111,171.047,337.527,171.047,337.527,180.28,313.111,180.28],"IndexInText":1035,"OcrConfidence":1.0,"Text":"Judetul","VisualLineNumber":10},{"Box":[170.41,348.111,12.082,11.102],"Polygon":[348.111,170.41,360.193,170.41,360.193,181.512,348.111,181.512],"IndexInText":1043,"OcrConfidence":1.0,"Text":"Cluj","VisualLineNumber":10}]}]},{"IndexInText":1049,"Language":"ron","Length":8,"Rotation":"None","SkewAngle":0.0,"Type":"Paragraph","WordGroups":[{"IndexInText":1049,"Length":8,"Type":"Heading","Words":[{"Box":[179.797,313.111,21.826,9.233],"Polygon":[313.111,179.797,334.937,179.797,334.937,189.03,313.111,189.03],"IndexInText":1049,"OcrConfidence":1.0,"Text":"Contul","VisualLineNumber":11},{"Box":[179.16,348.111,2.814,11.102],"Polygon":[348.111,179.16,350.925,179.16,350.925,190.262,348.111,190.262],"IndexInText":1056,"OcrConfidence":1.0,"Text":"-","VisualLineNumber":11}]}]},{"IndexInText":1059,"Language":"zlm","Length":7,"Rotation":"None","SkewAngle":0.0,"Type":"Paragraph","WordGroups":[{"IndexInText":1059,"Length":7,"Type":"Heading","Words":[{"Box":[188.547,313.111,19.614,9.233],"Polygon":[313.111,188.547,332.725,188.547,332.725,197.78,313.111,197.78],"IndexInText":1059,"OcrConfidence":1.0,"Text":"Banca","VisualLineNumber":12},{"Box":[187.91,348.111,2.814,11.102],"Polygon":[348.111,187.91,350.925,187.91,350.925,199.012,348.111,199.012],"IndexInText":1065,"OcrConfidence":1.0,"Text":"-","VisualLineNumber":12}]}]},{"IndexInText":1068,"Language":"ron","Length":45,"Rotation":"None","SkewAngle":0.0,"Type":"Paragraph","WordGroups":[{"IndexInText":1068,"Length":45,"Type":"Other","Words":[{"Box":[232.92,276.7355,41.805,14.274],"Polygon":[276.7355,232.92,318.5405,232.92,318.5405,247.194,276.7355,247.194],"IndexInText":1068,"OcrConfidence":1.0,"Text":"Cantitatea","VisualLineNumber":14},{"Box":[232.92,332.2375,16.614,14.274],"Polygon":[332.2375,232.92,348.8515,232.92,348.8515,247.194,332.2375,247.194],"IndexInText":1079,"OcrConfidence":1.0,"Text":"Pret","VisualLineNumber":14},{"Box":[232.92,351.3265,24.12,14.274],"Polygon":[351.3265,232.92,375.4465,232.92,375.4465,247.194,351.3265,247.194],"IndexInText":1084,"OcrConfidence":1.0,"Text":"unitar","VisualLineNumber":14},{"Box":[232.92,392.5623,18.909,14.274],"Polygon":[392.5623,232.92,411.4713,232.92,411.4713,247.194,392.5623,247.194],"IndexInText":1091,"OcrConfidence":1.0,"Text":"Cota","VisualLineNumber":14},{"Box":[232.92,432.3402,35.703,14.274],"Polygon":[432.3402,232.92,468.0432,232.92,468.0432,247.194,432.3402,247.194],"IndexInText":1096,"OcrConfidence":1.0,"Text":"Valoarea","VisualLineNumber":14},{"Box":[232.92,504.6024,35.703,14.274],"Polygon":[504.6024,232.92,540.3054,232.92,540.3054,247.194,504.6024,247.194],"IndexInText":1105,"OcrConfidence":1.0,"Text":"Valoarea","VisualLineNumber":14}]}]},{"IndexInText":1115,"Language":"ron","Length":36,"Rotation":"None","SkewAngle":0.0,"Type":"Paragraph","WordGroups":[{"IndexInText":1115,"Length":36,"Type":"Other","Words":[{"Box":[244.17,330.055,18.819,14.274],"Polygon":[330.055,244.17,348.874,244.17,348.874,258.444,330.055,258.444],"IndexInText":1115,"OcrConfidence":1.0,"Text":"(fara","VisualLineNumber":15},{"Box":[244.17,351.349,26.28,14.274],"Polygon":[351.349,244.17,377.629,244.17,377.629,258.444,351.349,258.444],"IndexInText":1121,"OcrConfidence":1.0,"Text":"T.V.A.)","VisualLineNumber":15},{"Box":[244.17,390.3708,23.292,14.274],"Polygon":[390.3708,244.17,413.6628,244.17,413.6628,258.444,390.3708,258.444],"IndexInText":1129,"OcrConfidence":1.0,"Text":"T.V.A.","VisualLineNumber":15},{"Box":[244.17,441.8352,16.713,14.274],"Polygon":[441.8352,244.17,458.5482,244.17,458.5482,258.444,441.8352,258.444],"IndexInText":1136,"OcrConfidence":1.0,"Text":"-lei-","VisualLineNumber":15},{"Box":[255.42,345.4855,16.713,14.274],"Polygon":[345.4855,255.42,362.1985,255.42,362.1985,269.694,345.4855,269.694],"IndexInText":1142,"OcrConfidence":1.0,"Text":"-lei-","VisualLineNumber":16},{"Box":[255.42,394.6188,14.796,14.274],"Polygon":[394.6188,255.42,409.4148,255.42,409.4148,269.694,394.6188,269.694],"IndexInText":1148,"OcrConfidence":1.0,"Text":"-%-","VisualLineNumber":16}]}]},{"IndexInText":1153,"Language":"ron","Length":12,"Rotation":"None","SkewAngle":0.0,"Type":"Paragraph","WordGroups":[{"IndexInText":1153,"Length":12,"Type":"Other","Words":[{"Box":[244.17,510.8079,23.292,14.274],"Polygon":[510.8079,244.17,534.0999,244.17,534.0999,258.444,510.8079,258.444],"IndexInText":1153,"OcrConfidence":1.0,"Text":"T.V.A.","VisualLineNumber":15},{"Box":[255.42,514.0974,16.713,14.274],"Polygon":[514.0974,255.42,530.8104,255.42,530.8104,269.694,514.0974,269.694],"IndexInText":1160,"OcrConfidence":1.0,"Text":"-lei-","VisualLineNumber":16}]}]},{"IndexInText":1167,"Language":"eng","Length":1,"Rotation":"None","SkewAngle":0.0,"Type":"Paragraph","WordGroups":[{"IndexInText":1167,"Length":1,"Type":"Other","Words":[{"Box":[266.67,295.1405,4.995,14.274],"Polygon":[295.1405,266.67,300.1355,266.67,300.1355,280.944,295.1405,280.944],"IndexInText":1167,"OcrConfidence":1.0,"Text":"3","VisualLineNumber":17}]}]},{"IndexInText":1170,"Language":"zho","Length":10,"Rotation":"None","SkewAngle":0.0,"Type":"Paragraph","WordGroups":[{"IndexInText":1170,"Length":10,"Type":"Other","Words":[{"Box":[266.67,351.25,5.184,14.274],"Polygon":[351.25,266.67,356.434,266.67,356.434,280.944,351.25,280.944],"IndexInText":1170,"OcrConfidence":1.0,"Text":"4","VisualLineNumber":17},{"Box":[266.67,399.5193,4.995,14.274],"Polygon":[399.5193,266.67,404.5143,266.67,404.5143,280.944,399.5193,280.944],"IndexInText":1172,"OcrConfidence":1.0,"Text":"5","VisualLineNumber":17},{"Box":[266.67,437.3487,25.686,14.274],"Polygon":[437.3487,266.67,463.0347,266.67,463.0347,280.944,437.3487,280.944],"IndexInText":1174,"OcrConfidence":1.0,"Text":"6(3x4)","VisualLineNumber":17}]}]},{"IndexInText":1182,"Language":"zho","Length":6,"Rotation":"None","SkewAngle":0.0,"Type":"Paragraph","WordGroups":[{"IndexInText":1182,"Length":6,"Type":"Other","Words":[{"Box":[266.67,509.7909,25.326,14.274],"Polygon":[509.7909,266.67,535.1169,266.67,535.1169,280.944,509.7909,280.944],"IndexInText":1182,"OcrConfidence":1.0,"Text":"7(6x5)","VisualLineNumber":17}]}]},{"IndexInText":1190,"Language":"eng","Length":3,"Rotation":"None","SkewAngle":0.0,"Type":"Paragraph","WordGroups":[{"IndexInText":1190,"Length":3,"Type":"Other","Words":[{"Box":[289.54,294.6125,3.216,12.688],"Polygon":[294.6125,289.54,297.8285,289.54,297.8285,302.228,294.6125,302.228],"IndexInText":1190,"OcrConfidence":1.0,"Text":"1","VisualLineNumber":18},{"Box":[329.54,294.6125,3.216,12.688],"Polygon":[294.6125,329.54,297.8285,329.54,297.8285,342.228,294.6125,342.228],"IndexInText":1192,"OcrConfidence":1.0,"Text":"1","VisualLineNumber":20}]}]},{"IndexInText":1195,"Language":"bul","Length":33,"Rotation":"None","SkewAngle":0.0,"Type":"Paragraph","WordGroups":[{"IndexInText":1195,"Length":33,"Type":"Other","Words":[{"Box":[289.54,353.6122,24.0,12.688],"Polygon":[353.6122,289.54,377.6122,289.54,377.6122,302.228,353.6122,302.228],"IndexInText":1195,"OcrConfidence":1.0,"Text":"397,20","VisualLineNumber":18},{"Box":[289.54,407.4015,7.68,12.688],"Polygon":[407.4015,289.54,415.0815,289.54,415.0815,302.228,407.4015,302.228],"IndexInText":1202,"OcrConfidence":1.0,"Text":"19","VisualLineNumber":18},{"Box":[289.54,449.9618,24.0,12.688],"Polygon":[449.9618,289.54,473.9618,289.54,473.9618,302.228,449.9618,302.228],"IndexInText":1205,"OcrConfidence":1.0,"Text":"397,20","VisualLineNumber":18},{"Box":[329.54,353.3162,24.296,12.688],"Polygon":[353.3162,329.54,377.6122,329.54,377.6122,342.228,353.3162,342.228],"IndexInText":1212,"OcrConfidence":1.0,"Text":"403,35","VisualLineNumber":20},{"Box":[329.54,407.4015,7.68,12.688],"Polygon":[407.4015,329.54,415.0815,329.54,415.0815,342.228,407.4015,342.228],"IndexInText":1219,"OcrConfidence":1.0,"Text":"19","VisualLineNumber":20},{"Box":[329.54,449.6658,24.296,12.688],"Polygon":[449.6658,329.54,473.9618,329.54,473.9618,342.228,449.6658,342.228],"IndexInText":1222,"OcrConfidence":1.0,"Text":"403,35","VisualLineNumber":20}]}]},{"IndexInText":1230,"Language":"bul","Length":11,"Rotation":"None","SkewAngle":0.0,"Type":"Paragraph","WordGroups":[{"IndexInText":1230,"Length":11,"Type":"Other","Words":[{"Box":[289.54,540.054,19.552,12.688],"Polygon":[540.054,289.54,559.606,289.54,559.606,302.228,540.054,302.228],"IndexInText":1230,"OcrConfidence":1.0,"Text":"75,47","VisualLineNumber":18},{"Box":[329.54,539.854,19.752,12.688],"Polygon":[539.854,329.54,559.606,329.54,559.606,342.228,539.854,342.228],"IndexInText":1236,"OcrConfidence":1.0,"Text":"76,64","VisualLineNumber":20}]}]},{"IndexInText":1243,"Language":"eng","Length":1,"Rotation":"None","SkewAngle":0.0,"Type":"Paragraph","WordGroups":[{"IndexInText":1243,"Length":1,"Type":"Other","Words":[{"Box":[379.54,294.6125,3.216,12.688],"Polygon":[294.6125,379.54,297.8285,379.54,297.8285,392.228,294.6125,392.228],"IndexInText":1243,"OcrConfidence":1.0,"Text":"1","VisualLineNumber":23}]}]},{"IndexInText":1246,"Language":"bul","Length":16,"Rotation":"None","SkewAngle":0.0,"Type":"Paragraph","WordGroups":[{"IndexInText":1246,"Length":16,"Type":"Other","Words":[{"Box":[379.54,354.6842,22.928,12.688],"Polygon":[354.6842,379.54,377.6122,379.54,377.6122,392.228,354.6842,392.228],"IndexInText":1246,"OcrConfidence":1.0,"Text":"310,92","VisualLineNumber":23},{"Box":[379.54,407.4015,7.68,12.688],"Polygon":[407.4015,379.54,415.0815,379.54,415.0815,392.228,407.4015,392.228],"IndexInText":1253,"OcrConfidence":1.0,"Text":"19","VisualLineNumber":23},{"Box":[379.54,451.0338,22.928,12.688],"Polygon":[451.0338,379.54,473.9618,379.54,473.9618,392.228,451.0338,392.228],"IndexInText":1256,"OcrConfidence":1.0,"Text":"310,92","VisualLineNumber":23}]}]},{"IndexInText":1264,"Language":"bul","Length":5,"Rotation":"None","SkewAngle":0.0,"Type":"Paragraph","WordGroups":[{"IndexInText":1264,"Length":5,"Type":"Other","Words":[{"Box":[379.54,539.894,19.712,12.688],"Polygon":[539.894,379.54,559.606,379.54,559.606,392.228,539.894,392.228],"IndexInText":1264,"OcrConfidence":1.0,"Text":"59,08","VisualLineNumber":23}]}]},{"IndexInText":1271,"Language":"eng","Length":1,"Rotation":"None","SkewAngle":0.0,"Type":"Paragraph","WordGroups":[{"IndexInText":1271,"Length":1,"Type":"Other","Words":[{"Box":[419.54,294.6125,3.216,12.688],"Polygon":[294.6125,419.54,297.8285,419.54,297.8285,432.228,294.6125,432.228],"IndexInText":1271,"OcrConfidence":1.0,"Text":"1","VisualLineNumber":25}]}]},{"IndexInText":1274,"Language":"bul","Length":16,"Rotation":"None","SkewAngle":0.0,"Type":"Paragraph","WordGroups":[{"IndexInText":1274,"Length":16,"Type":"Other","Words":[{"Box":[419.54,354.5402,23.072,12.688],"Polygon":[354.5402,419.54,377.6122,419.54,377.6122,432.228,354.5402,432.228],"IndexInText":1274,"OcrConfidence":1.0,"Text":"-42,02","VisualLineNumber":25},{"Box":[419.54,407.4015,7.68,12.688],"Polygon":[407.4015,419.54,415.0815,419.54,415.0815,432.228,407.4015,432.228],"IndexInText":1281,"OcrConfidence":1.0,"Text":"19","VisualLineNumber":25},{"Box":[419.54,450.8898,23.072,12.688],"Polygon":[450.8898,419.54,473.9618,419.54,473.9618,432.228,450.8898,432.228],"IndexInText":1284,"OcrConfidence":1.0,"Text":"-42,02","VisualLineNumber":25}]}]},{"IndexInText":1292,"Language":"bul","Length":5,"Rotation":"None","SkewAngle":0.0,"Type":"Paragraph","WordGroups":[{"IndexInText":1292,"Length":5,"Type":"Other","Words":[{"Box":[419.54,541.27,18.336,12.688],"Polygon":[541.27,419.54,559.606,419.54,559.606,432.228,541.27,432.228],"IndexInText":1292,"OcrConfidence":1.0,"Text":"-7,98","VisualLineNumber":25}]}]},{"IndexInText":1299,"Language":"ron","Length":189,"Rotation":"None","SkewAngle":0.0,"Type":"Paragraph","WordGroups":[{"IndexInText":1299,"Length":22,"Type":"Sentence","Words":[{"Box":[610.93,42.835,31.992,12.688],"Polygon":[42.835,610.93,74.827,610.93,74.827,623.618,42.835,623.618],"IndexInText":1299,"OcrConfidence":1.0,"Text":"Conform","VisualLineNumber":27},{"Box":[610.93,77.027,11.952,12.688],"Polygon":[77.027,610.93,88.979,610.93,88.979,623.618,77.027,623.618],"IndexInText":1307,"OcrConfidence":1.0,"Text":"art.","VisualLineNumber":27},{"Box":[610.93,91.179,12.12,12.688],"Polygon":[91.179,610.93,103.299,610.93,103.299,623.618,91.179,623.618],"IndexInText":1312,"OcrConfidence":1.0,"Text":"319","VisualLineNumber":27},{"Box":[610.93,105.499,14.944,12.688],"Polygon":[105.499,610.93,120.443,610.93,120.443,623.618,105.499,623.618],"IndexInText":1316,"OcrConfidence":1.0,"Text":"alin.","VisualLineNumber":27}]},{"IndexInText":1322,"Length":166,"Type":"Other","Words":[{"Box":[610.93,122.643,14.216,12.688],"Polygon":[122.643,610.93,136.859,610.93,136.859,623.618,122.643,623.618],"IndexInText":1322,"OcrConfidence":1.0,"Text":"(29)","VisualLineNumber":27},{"Box":[610.93,139.059,11.576,12.688],"Polygon":[139.059,610.93,150.635,610.93,150.635,623.618,139.059,623.618],"IndexInText":1327,"OcrConfidence":1.0,"Text":"din","VisualLineNumber":27},{"Box":[610.93,152.835,21.408,12.688],"Polygon":[152.835,610.93,174.243,610.93,174.243,623.618,152.835,623.618],"IndexInText":1331,"OcrConfidence":1.0,"Text":"Legea","VisualLineNumber":27},{"Box":[610.93,176.443,9.552,12.688],"Polygon":[176.443,610.93,185.995,610.93,185.995,623.618,176.443,623.618],"IndexInText":1337,"OcrConfidence":1.0,"Text":"nr.","VisualLineNumber":27},{"Box":[610.93,188.195,33.016,12.688],"Polygon":[188.195,610.93,221.211,610.93,221.211,623.618,188.195,623.618],"IndexInText":1341,"OcrConfidence":1.0,"Text":"227/2015","VisualLineNumber":27},{"Box":[610.93,223.411,25.504,12.688],"Polygon":[223.411,610.93,248.915,610.93,248.915,623.618,223.411,623.618],"IndexInText":1350,"OcrConfidence":1.0,"Text":"privind","VisualLineNumber":27},{"Box":[610.93,251.115,21.32,12.688],"Polygon":[251.115,610.93,272.435,610.93,272.435,623.618,251.115,623.618],"IndexInText":1358,"OcrConfidence":1.0,"Text":"Codul","VisualLineNumber":27},{"Box":[610.93,274.635,21.504,12.688],"Polygon":[274.635,610.93,296.139,610.93,296.139,623.618,274.635,623.618],"IndexInText":1364,"OcrConfidence":1.0,"Text":"Fiscal,","VisualLineNumber":27},{"Box":[610.93,298.339,25.384,12.688],"Polygon":[298.339,610.93,323.723,610.93,323.723,623.618,298.339,623.618],"IndexInText":1372,"OcrConfidence":1.0,"Text":"factura","VisualLineNumber":27},{"Box":[610.93,325.923,14.832,12.688],"Polygon":[325.923,610.93,340.755,610.93,340.755,623.618,325.923,623.618],"IndexInText":1380,"OcrConfidence":1.0,"Text":"este","VisualLineNumber":27},{"Box":[610.93,342.955,27.672,12.688],"Polygon":[342.955,610.93,370.627,610.93,370.627,623.618,342.955,623.618],"IndexInText":1385,"OcrConfidence":1.0,"Text":"valabila","VisualLineNumber":27},{"Box":[610.93,372.827,14.072,12.688],"Polygon":[372.827,610.93,386.899,610.93,386.899,623.618,372.827,623.618],"IndexInText":1394,"OcrConfidence":1.0,"Text":"fara","VisualLineNumber":27},{"Box":[610.93,389.099,38.312,12.688],"Polygon":[389.099,610.93,427.411,610.93,427.411,623.618,389.099,623.618],"IndexInText":1399,"OcrConfidence":1.0,"Text":"semnatura","VisualLineNumber":27},{"Box":[610.93,429.611,5.536,12.688],"Polygon":[429.611,610.93,435.147,610.93,435.147,623.618,429.611,623.618],"IndexInText":1409,"OcrConfidence":1.0,"Text":"si","VisualLineNumber":27},{"Box":[610.93,437.347,30.776,12.688],"Polygon":[437.347,610.93,468.123,610.93,468.123,623.618,437.347,623.618],"IndexInText":1412,"OcrConfidence":1.0,"Text":"stampila","VisualLineNumber":27},{"Box":[620.93,42.835,18.0,12.688],"Polygon":[42.835,620.93,60.835,620.93,60.835,633.618,42.835,633.618],"IndexInText":1421,"OcrConfidence":1.0,"Text":"Plata","VisualLineNumber":28},{"Box":[620.93,63.035,49.144,12.688],"Polygon":[63.035,620.93,112.179,620.93,112.179,633.618,63.035,633.618],"IndexInText":1427,"OcrConfidence":1.0,"Text":"numerar/POS","VisualLineNumber":28},{"Box":[620.93,114.379,32.048,12.688],"Polygon":[114.379,620.93,146.427,620.93,146.427,633.618,114.379,633.618],"IndexInText":1439,"OcrConfidence":1.0,"Text":"ramburs,","VisualLineNumber":28},{"Box":[620.93,148.627,18.0,12.688],"Polygon":[148.627,620.93,166.627,620.93,166.627,633.618,148.627,633.618],"IndexInText":1448,"OcrConfidence":1.0,"Text":"Plata","VisualLineNumber":28},{"Box":[620.93,168.827,49.144,12.688],"Polygon":[168.827,620.93,217.971,620.93,217.971,633.618,168.827,633.618],"IndexInText":1454,"OcrConfidence":1.0,"Text":"numerar/POS","VisualLineNumber":28},{"Box":[620.93,220.171,8.424,12.688],"Polygon":[220.171,620.93,228.595,620.93,228.595,633.618,220.171,633.618],"IndexInText":1466,"OcrConfidence":1.0,"Text":"cu","VisualLineNumber":28},{"Box":[620.93,230.795,14.264,12.688],"Polygon":[230.795,620.93,245.059,620.93,245.059,633.618,230.795,633.618],"IndexInText":1469,"OcrConfidence":1.0,"Text":"bon","VisualLineNumber":28},{"Box":[620.93,247.259,50.928,12.688],"Polygon":[247.259,620.93,298.187,620.93,298.187,633.618,247.259,633.618],"IndexInText":1473,"OcrConfidence":1.0,"Text":"fiscal/chitanta","VisualLineNumber":28}]}]},{"IndexInText":1490,"Language":"ron","Length":194,"Rotation":"None","SkewAngle":0.0,"Type":"Paragraph","WordGroups":[{"IndexInText":1490,"Length":103,"Type":"Other","Words":[{"Box":[651.81,36.672,44.118,14.274],"Polygon":[36.672,651.81,80.79,651.81,80.79,666.084,36.672,666.084],"IndexInText":1490,"OcrConfidence":1.0,"Text":"Semnatura","VisualLineNumber":29},{"Box":[651.81,83.265,6.228,14.274],"Polygon":[83.265,651.81,89.493,651.81,89.493,666.084,83.265,666.084],"IndexInText":1500,"OcrConfidence":1.0,"Text":"si","VisualLineNumber":29},{"Box":[653.81,103.835,19.179,14.274],"Polygon":[103.835,653.81,123.014,653.81,123.014,668.084,103.835,668.084],"IndexInText":1503,"OcrConfidence":1.0,"Text":"Date","VisualLineNumber":29},{"Box":[653.81,125.489,28.692,14.274],"Polygon":[125.489,653.81,154.181,653.81,154.181,668.084,125.489,668.084],"IndexInText":1508,"OcrConfidence":1.0,"Text":"privind","VisualLineNumber":29},{"Box":[653.81,156.656,37.566,14.274],"Polygon":[156.656,653.81,194.222,653.81,194.222,668.084,156.656,668.084],"IndexInText":1516,"OcrConfidence":1.0,"Text":"expeditia","VisualLineNumber":29},{"Box":[653.81,196.697,80.253,14.274],"Polygon":[196.697,653.81,276.95,653.81,276.95,668.084,196.697,668.084],"IndexInText":1526,"OcrConfidence":1.0,"Text":".....................................","VisualLineNumber":29},{"Box":[651.81,340.785,20.637,14.274],"Polygon":[340.785,651.81,361.422,651.81,361.422,666.084,340.785,666.084],"IndexInText":1564,"OcrConfidence":1.0,"Text":"Total","VisualLineNumber":29},{"Box":[651.81,363.897,13.023,14.274],"Polygon":[363.897,651.81,376.92,651.81,376.92,666.084,363.897,666.084],"IndexInText":1570,"OcrConfidence":1.0,"Text":"din","VisualLineNumber":29},{"Box":[651.81,422.16,16.2,14.274],"Polygon":[422.16,651.81,438.36,651.81,438.36,666.084,422.16,666.084],"IndexInText":1574,"OcrConfidence":1.0,"Text":"19%","VisualLineNumber":29},{"Box":[651.81,468.186,33.174,14.274],"Polygon":[468.186,651.81,501.36,651.81,501.36,666.084,468.186,666.084],"IndexInText":1578,"OcrConfidence":1.0,"Text":"1.069,45","VisualLineNumber":29},{"Box":[651.81,538.593,25.767,14.274],"Polygon":[538.593,651.81,564.36,651.81,564.36,666.084,538.593,666.084],"IndexInText":1587,"OcrConfidence":1.0,"Text":"203,21","VisualLineNumber":29}]},{"IndexInText":1594,"Length":90,"Type":"Other","Words":[{"Box":[663.06,45.771,34.623,14.274],"Polygon":[45.771,663.06,80.394,663.06,80.394,677.334,45.771,677.334],"IndexInText":1594,"OcrConfidence":1.0,"Text":"stampila","VisualLineNumber":30},{"Box":[668.06,103.835,32.031,14.274],"Polygon":[103.835,668.06,135.866,668.06,135.866,682.334,103.835,682.334],"IndexInText":1603,"OcrConfidence":1.0,"Text":"Numele","VisualLineNumber":30},{"Box":[668.06,138.341,45.9,14.274],"Polygon":[138.341,668.06,184.241,668.06,184.241,682.334,138.341,682.334],"IndexInText":1610,"OcrConfidence":1.0,"Text":"delegatului","VisualLineNumber":30},{"Box":[668.06,186.716,28.71,14.274],"Polygon":[186.716,668.06,215.426,668.06,215.426,682.334,186.716,682.334],"IndexInText":1622,"OcrConfidence":1.0,"Text":"Ielcean","VisualLineNumber":30},{"Box":[668.06,217.901,31.608,14.274],"Polygon":[217.901,668.06,249.509,668.06,249.509,682.334,217.901,682.334],"IndexInText":1630,"OcrConfidence":1.0,"Text":"Bogdan","VisualLineNumber":30},{"Box":[663.06,335.835,17.037,14.274],"Polygon":[335.835,663.06,352.872,663.06,352.872,677.334,335.835,677.334],"IndexInText":1637,"OcrConfidence":1.0,"Text":"care","VisualLineNumber":30},{"Box":[663.06,355.347,26.631,14.274],"Polygon":[355.347,663.06,381.978,663.06,381.978,677.334,355.347,677.334],"IndexInText":1642,"OcrConfidence":1.0,"Text":"accize:","VisualLineNumber":30},{"Box":[663.06,417.723,20.637,14.274],"Polygon":[417.723,663.06,438.36,663.06,438.36,677.334,417.723,677.334],"IndexInText":1650,"OcrConfidence":1.0,"Text":"Total","VisualLineNumber":30},{"Box":[663.06,468.186,33.174,14.274],"Polygon":[468.186,663.06,501.36,663.06,501.36,677.334,468.186,677.334],"IndexInText":1656,"OcrConfidence":1.0,"Text":"1.069,45","VisualLineNumber":30},{"Box":[663.06,538.593,25.767,14.274],"Polygon":[538.593,663.06,564.36,663.06,564.36,677.334,538.593,677.334],"IndexInText":1665,"OcrConfidence":1.0,"Text":"203,21","VisualLineNumber":30},{"Box":[674.31,39.408,47.349,14.274],"Polygon":[39.408,674.31,86.757,674.31,86.757,688.584,39.408,688.584],"IndexInText":1672,"OcrConfidence":1.0,"Text":"furnizorului","VisualLineNumber":31}]}]},{"IndexInText":1686,"Language":"ron","Length":61,"Rotation":"None","SkewAngle":0.0,"Type":"Paragraph","WordGroups":[{"IndexInText":1686,"Length":61,"Type":"Other","Words":[{"Box":[682.31,103.835,28.683,14.274],"Polygon":[103.835,682.31,132.518,682.31,132.518,696.584,103.835,696.584],"IndexInText":1686,"OcrConfidence":1.0,"Text":"B.I./C.I.","VisualLineNumber":32},{"Box":[682.31,134.993,19.035,14.274],"Polygon":[134.993,682.31,154.028,682.31,154.028,696.584,134.993,696.584],"IndexInText":1696,"OcrConfidence":1.0,"Text":"seria","VisualLineNumber":32},{"Box":[682.31,156.503,8.676,14.274],"Polygon":[156.503,682.31,165.179,682.31,165.179,696.584,156.503,696.584],"IndexInText":1702,"OcrConfidence":1.0,"Text":"....","VisualLineNumber":32},{"Box":[682.31,167.654,32.436,14.274],"Polygon":[167.654,682.31,200.09,682.31,200.09,696.584,167.654,696.584],"IndexInText":1707,"OcrConfidence":1.0,"Text":"nr...........","VisualLineNumber":32},{"Box":[682.31,202.565,41.634,14.274],"Polygon":[202.565,682.31,244.199,682.31,244.199,696.584,202.565,696.584],"IndexInText":1721,"OcrConfidence":1.0,"Text":"eliberat(a)","VisualLineNumber":32},{"Box":[682.31,246.674,30.366,14.274],"Polygon":[246.674,682.31,277.04,682.31,277.04,696.584,246.674,696.584],"IndexInText":1733,"OcrConfidence":1.0,"Text":"..............","VisualLineNumber":32}]}]},{"IndexInText":1749,"Language":"ron","Length":12,"Rotation":"None","SkewAngle":0.0,"Type":"Paragraph","WordGroups":[{"IndexInText":1749,"Length":12,"Type":"Heading","Words":[{"Box":[687.56,335.183,44.118,14.274],"Polygon":[335.183,687.56,379.301,687.56,379.301,701.834,335.183,701.834],"IndexInText":1749,"OcrConfidence":1.0,"Text":"Semnatura","VisualLineNumber":32},{"Box":[687.56,381.776,10.206,14.274],"Polygon":[381.776,687.56,391.982,687.56,391.982,701.834,381.776,701.834],"IndexInText":1759,"OcrConfidence":1.0,"Text":"de","VisualLineNumber":32}]}]},{"IndexInText":1763,"Language":"ron","Length":97,"Rotation":"None","SkewAngle":0.0,"Type":"Paragraph","WordGroups":[{"IndexInText":1763,"Length":14,"Type":"Other","Words":[{"Box":[689.56,402.835,20.637,14.274],"Polygon":[402.835,689.56,423.472,689.56,423.472,703.834,402.835,703.834],"IndexInText":1763,"OcrConfidence":1.0,"Text":"Total","VisualLineNumber":33},{"Box":[689.56,425.947,10.206,14.274],"Polygon":[425.947,689.56,436.153,689.56,436.153,703.834,425.947,703.834],"IndexInText":1769,"OcrConfidence":1.0,"Text":"de","VisualLineNumber":33},{"Box":[689.56,438.628,20.421,14.274],"Polygon":[438.628,689.56,459.049,689.56,459.049,703.834,438.628,703.834],"IndexInText":1772,"OcrConfidence":1.0,"Text":"plata","VisualLineNumber":33}]},{"IndexInText":1778,"Length":82,"Type":"Other","Words":[{"Box":[696.56,103.835,32.562,14.274],"Polygon":[103.835,696.56,136.397,696.56,136.397,710.834,103.835,710.834],"IndexInText":1778,"OcrConfidence":1.0,"Text":"Mijlocul","VisualLineNumber":34},{"Box":[696.56,138.872,10.206,14.274],"Polygon":[138.872,696.56,149.078,696.56,149.078,710.834,138.872,710.834],"IndexInText":1787,"OcrConfidence":1.0,"Text":"de","VisualLineNumber":34},{"Box":[696.56,151.553,37.782,14.274],"Polygon":[151.553,696.56,189.335,696.56,189.335,710.834,151.553,710.834],"IndexInText":1790,"OcrConfidence":1.0,"Text":"transport","VisualLineNumber":34},{"Box":[696.56,191.81,28.197,14.274],"Polygon":[191.81,696.56,220.007,696.56,220.007,710.834,191.81,710.834],"IndexInText":1800,"OcrConfidence":1.0,"Text":".............","VisualLineNumber":34},{"Box":[696.56,222.482,10.746,14.274],"Polygon":[222.482,696.56,233.228,696.56,233.228,710.834,222.482,710.834],"IndexInText":1814,"OcrConfidence":1.0,"Text":"nr.","VisualLineNumber":34},{"Box":[696.56,235.703,43.38,14.274],"Polygon":[235.703,696.56,279.083,696.56,279.083,710.834,235.703,710.834],"IndexInText":1818,"OcrConfidence":1.0,"Text":"....................","VisualLineNumber":34},{"Box":[698.81,348.8135,29.538,14.274],"Polygon":[348.8135,698.81,378.3515,698.81,378.3515,713.084,348.8135,713.084],"IndexInText":1839,"OcrConfidence":1.0,"Text":"primire","VisualLineNumber":34},{"Box":[700.81,402.835,14.94,14.274],"Polygon":[402.835,700.81,417.775,700.81,417.775,715.084,402.835,715.084],"IndexInText":1847,"OcrConfidence":1.0,"Text":"(col","VisualLineNumber":34},{"Box":[700.81,420.25,23.22,14.274],"Polygon":[420.25,700.81,443.47,700.81,443.47,715.084,420.25,715.084],"IndexInText":1852,"OcrConfidence":1.0,"Text":"6+col","VisualLineNumber":34},{"Box":[700.81,445.945,7.812,14.274],"Polygon":[445.945,700.81,453.757,700.81,453.757,715.084,445.945,715.084],"IndexInText":1858,"OcrConfidence":1.0,"Text":"7)","VisualLineNumber":34}]}]},{"IndexInText":1862,"Language":"ron","Length":186,"Rotation":"None","SkewAngle":0.0,"Type":"Paragraph","WordGroups":[{"IndexInText":1862,"Length":46,"Type":"Other","Words":[{"Box":[710.81,103.835,44.739,14.274],"Polygon":[103.835,710.81,148.574,710.81,148.574,725.084,103.835,725.084],"IndexInText":1862,"OcrConfidence":1.0,"Text":"Expedierea","VisualLineNumber":35},{"Box":[710.81,151.049,12.195,14.274],"Polygon":[151.049,710.81,163.244,710.81,163.244,725.084,151.049,725.084],"IndexInText":1873,"OcrConfidence":1.0,"Text":"s-a","VisualLineNumber":35},{"Box":[710.81,165.719,33.336,14.274],"Polygon":[165.719,710.81,199.055,710.81,199.055,725.084,165.719,725.084],"IndexInText":1877,"OcrConfidence":1.0,"Text":"efectuat","VisualLineNumber":35},{"Box":[710.81,201.53,7.596,14.274],"Polygon":[201.53,710.81,209.126,710.81,209.126,725.084,201.53,725.084],"IndexInText":1886,"OcrConfidence":1.0,"Text":"in","VisualLineNumber":35},{"Box":[710.81,211.601,35.685,14.274],"Polygon":[211.601,710.81,247.286,710.81,247.286,725.084,211.601,725.084],"IndexInText":1889,"OcrConfidence":1.0,"Text":"prezenta","VisualLineNumber":35},{"Box":[710.81,249.761,30.474,14.274],"Polygon":[249.761,710.81,280.235,710.81,280.235,725.084,249.761,725.084],"IndexInText":1898,"OcrConfidence":1.0,"Text":"noastra","VisualLineNumber":35},{"Box":[710.81,282.71,7.047,14.274],"Polygon":[282.71,710.81,289.757,710.81,289.757,725.084,282.71,725.084],"IndexInText":1906,"OcrConfidence":1.0,"Text":"la","VisualLineNumber":35}]},{"IndexInText":1909,"Length":70,"Type":"Other","Words":[{"Box":[725.06,103.835,18.072,14.274],"Polygon":[103.835,725.06,121.907,725.06,121.907,739.334,103.835,739.334],"IndexInText":1909,"OcrConfidence":1.0,"Text":"data","VisualLineNumber":36},{"Box":[725.06,124.382,10.206,14.274],"Polygon":[124.382,725.06,134.588,725.06,134.588,739.334,124.382,739.334],"IndexInText":1914,"OcrConfidence":1.0,"Text":"de","VisualLineNumber":36},{"Box":[725.06,137.063,58.563,14.274],"Polygon":[137.063,725.06,195.626,725.06,195.626,739.334,137.063,739.334],"IndexInText":1917,"OcrConfidence":1.0,"Text":"...........................","VisualLineNumber":36},{"Box":[725.06,198.101,13.401,14.274],"Polygon":[198.101,725.06,211.502,725.06,211.502,739.334,198.101,739.334],"IndexInText":1945,"OcrConfidence":1.0,"Text":"ora","VisualLineNumber":36},{"Box":[725.06,213.977,65.07,14.274],"Polygon":[213.977,725.06,279.047,725.06,279.047,739.334,213.977,739.334],"IndexInText":1949,"OcrConfidence":1.0,"Text":"..............................","VisualLineNumber":36}]},{"IndexInText":1980,"Length":68,"Type":"Other","Words":[{"Box":[739.31,103.835,48.897,14.274],"Polygon":[103.835,739.31,152.732,739.31,152.732,753.584,103.835,753.584],"IndexInText":1980,"OcrConfidence":1.0,"Text":"Semnaturile","VisualLineNumber":37},{"Box":[739.31,155.207,121.464,14.274],"Polygon":[155.207,739.31,276.671,739.31,276.671,753.584,155.207,753.584],"IndexInText":1992,"OcrConfidence":1.0,"Text":"........................................................","VisualLineNumber":37}]}]},{"IndexInText":2050,"Language":"bul","Length":8,"Rotation":"None","SkewAngle":0.0,"Type":"Paragraph","WordGroups":[{"IndexInText":2050,"Length":8,"Type":"Other","Words":[{"Box":[714.7,516.413,43.752,19.032],"Polygon":[516.413,714.7,560.165,714.7,560.165,733.732,516.413,733.732],"IndexInText":2050,"OcrConfidence":1.0,"Text":"1.272,66","VisualLineNumber":35}]}]},{"IndexInText":2060,"Language":"eng","Length":3,"Rotation":"None","SkewAngle":0.0,"Type":"Footer","WordGroups":[{"IndexInText":2060,"Length":3,"Type":"Other","Words":[{"Box":[811.365,292.773,9.73,11.2],"Polygon":[292.773,811.365,302.503,811.365,302.503,822.565,292.773,822.565],"IndexInText":2060,"OcrConfidence":1.0,"Text":"1/1","VisualLineNumber":38}]}]},{"IndexInText":2065,"Language":"eng","Length":29,"Rotation":"None","SkewAngle":0.0,"Type":"Paragraph","WordGroups":[{"IndexInText":2065,"Length":29,"Type":"Other","Words":[{"Box":[839.734,2.835,16.17,1.156],"Polygon":[2.835,839.734,19.005,839.734,19.005,840.89,2.835,840.89],"IndexInText":2065,"OcrConfidence":1.0,"Text":"PoweredbyTCPDF(www.tcpdf.org)","VisualLineNumber":39}]}]}],"ProcessingSource":"Pdf","IndexInText":0,"TextLength":2094,"SkewAngle":0.0}]}