{"DocumentTypeId":"invoice.invoice.invoice","FormId":"7554d872","FormName":"Emag_4","OriginalFileExtension":"pdf","Pages":[{"Page":0,"Size":[0.0,0.0,595.0,841.0],"SkewAngle":0.0,"Evidence":[{"Text":"Seria:","Box":[29.797,313.111,18.151,9.233]},{"Text":"Data","Box":[38.547,313.111,15.414,9.233]},{"Text":"Nr","Box":[29.797,432.835,8.316,9.233]},{"Text":"factura:","Box":[29.797,443.083,25.214,9.233]},{"Text":"Factura","Box":[79.42,68.111,69.36,26.38]},{"Text":"Furnizor:","Box":[109.797,68.111,29.197,9.233]},{"Text":"C.I.F.:","Box":[127.297,68.111,17.815,9.233]}],"Fields":[],"Tables":[{"FieldId":"invoice.invoice.invoice.TabelProduse","Headers":[{"FieldId":"invoice.invoice.invoice.TabelProduse.Denumireaproduselorsauaserviciilor","Box":[232.1685,56.7329,186.7822,47.5684]},{"FieldId":"invoice.invoice.invoice.TabelProduse.UM","Box":[232.1685,243.5151,27.0572,47.5684]},{"FieldId":"invoice.invoice.invoice.TabelProduse.Cantitatea","Box":[232.1685,270.5723,53.6781,47.5684]},{"FieldId":"invoice.invoice.invoice.TabelProduse.Pretunitar(faraTVA)","Box":[232.1685,324.2504,58.9149,47.5684]},{"FieldId":"invoice.invoice.invoice.TabelProduse.CotaTVA","Box":[232.1685,383.1653,37.531,47.5684]},{"FieldId":"invoice.invoice.invoice.TabelProduse.Valoarea","Box":[232.1685,420.6963,58.0421,47.5684]},{"FieldId":"invoice.invoice.invoice.TabelProduse.ValoareaTVA","Box":[232.1685,478.7385,87.936,47.5684]}],"Cells":[{"Row":0,"Column":0,"Box":[279.7369,56.7329,186.7822,47.5684]},{"Row":0,"Column":1,"Box":[279.7369,243.5151,27.0572,47.5684]},{"Row":0,"Column":2,"Box":[279.7369,270.5723,53.6781,47.5684]},{"Row":0,"Column":3,"Box":[279.7369,324.2504,58.9149,47.5684]},{"Row":0,"Column":4,"Box":[279.7369,383.1653,37.531,47.5684]},{"Row":0,"Column":5,"Box":[279.7369,420.6963,58.0421,47.5684]},{"Row":0,"Column":6,"Box":[279.7369,478.7385,87.936,47.5684]},{"Row":1,"Column":0,"Box":[327.3052,56.7329,186.7822,39.713]},{"Row":1,"Column":1,"Box":[327.3052,243.5151,27.0572,39.713]},{"Row":1,"Column":2,"Box":[327.3052,270.5723,53.6781,39.713]},{"Row":1,"Column":3,"Box":[327.3052,324.2504,58.9149,39.713]},{"Row":1,"Column":4,"Box":[327.3052,383.1653,37.531,39.713]},{"Row":1,"Column":5,"Box":[327.3052,420.6963,58.0421,39.713]},{"Row":1,"Column":6,"Box":[327.3052,478.7385,87.936,39.713]},{"Row":2,"Column":0,"Box":[367.0183,56.7329,186.7822,41.8951]},{"Row":2,"Column":1,"Box":[367.0183,243.5151,27.0572,41.8951]},{"Row":2,"Column":2,"Box":[367.0183,270.5723,53.6781,41.8951]},{"Row":2,"Column":3,"Box":[367.0183,324.2504,58.9149,41.8951]},{"Row":2,"Column":4,"Box":[367.0183,383.1653,37.531,41.8951]},{"Row":2,"Column":5,"Box":[367.0183,420.6963,58.0421,41.8951]},{"Row":2,"Column":6,"Box":[367.0183,478.7385,87.936,41.8951]},{"Row":3,"Column":0,"Box":[408.9133,56.7329,186.7822,29.6757]},{"Row":3,"Column":1,"Box":[408.9133,243.5151,27.0572,29.6757]},{"Row":3,"Column":2,"Box":[408.9133,270.5723,53.6781,29.6757]},{"Row":3,"Column":3,"Box":[408.9133,324.2504,58.9149,29.6757]},{"Row":3,"Column":4,"Box":[408.9133,383.1653,37.531,29.6757]},{"Row":3,"Column":5,"Box":[408.9133,420.6963,58.0421,29.6757]},{"Row":3,"Column":6,"Box":[408.9133,478.7385,87.936,29.6757]},{"Row":4,"Column":0,"Box":[438.589,56.7329,186.7822,50.6232]},{"Row":4,"Column":1,"Box":[438.589,243.5151,27.0572,50.6232]},{"Row":4,"Column":2,"Box":[438.589,270.5723,53.6781,50.6232]},{"Row":4,"Column":3,"Box":[438.589,324.2504,58.9149,50.6232]},{"Row":4,"Column":4,"Box":[438.589,383.1653,37.531,50.6232]},{"Row":4,"Column":5,"Box":[438.589,420.6963,58.0421,50.6232]},{"Row":4,"Column":6,"Box":[438.589,478.7385,87.936,50.6232]},{"Row":5,"Column":0,"Box":[489.2122,56.7329,186.7822,40.1494]},{"Row":5,"Column":1,"Box":[489.2122,243.5151,27.0572,40.1494]},{"Row":5,"Column":2,"Box":[489.2122,270.5723,53.6781,40.1494]},{"Row":5,"Column":3,"Box":[489.2122,324.2504,58.9149,40.1494]},{"Row":5,"Column":4,"Box":[489.2122,383.1653,37.531,40.1494]},{"Row":5,"Column":5,"Box":[489.2122,420.6963,58.0421,40.1494]},{"Row":5,"Column":6,"Box":[489.2122,478.7385,87.936,40.1494]},{"Row":6,"Column":0,"Box":[529.3617,56.7329,186.7822,39.713]},{"Row":6,"Column":1,"Box":[529.3617,243.5151,27.0572,39.713]},{"Row":6,"Column":2,"Box":[529.3617,270.5723,53.6781,39.713]},{"Row":6,"Column":3,"Box":[529.3617,324.2504,58.9149,39.713]},{"Row":6,"Column":4,"Box":[529.3617,383.1653,37.531,39.713]},{"Row":6,"Column":5,"Box":[529.3617,420.6963,58.0421,39.713]},{"Row":6,"Column":6,"Box":[529.3617,478.7385,87.936,39.713]},{"Row":7,"Column":0,"Box":[569.0747,56.7329,186.7822,28.5847]},{"Row":7,"Column":1,"Box":[569.0747,243.5151,27.0572,28.5847]},{"Row":7,"Column":2,"Box":[569.0747,270.5723,53.6781,28.5847]},{"Row":7,"Column":3,"Box":[569.0747,324.2504,58.9149,28.5847]},{"Row":7,"Column":4,"Box":[569.0747,383.1653,37.531,28.5847]},{"Row":7,"Column":5,"Box":[569.0747,420.6963,58.0421,28.5847]},{"Row":7,"Column":6,"Box":[569.0747,478.7385,87.936,28.5847]}]}]}],"AnchorBasedConfiguration":{"AnchorBasedFieldConfiguration":[{"FieldId":"invoice.invoice.invoice.Furnizor","FieldDescriptors":[{"PageIndexAtDesignTime":0,"Offset":[-5.2733,19.0363,79.5629,10.6478],"Target":{"Text":"Furnizor:","Area":[109.797,68.111,29.197,9.233]},"Anchors":[]}]},{"FieldId":"invoice.invoice.invoice.CUI","FieldDescriptors":[{"PageIndexAtDesignTime":0,"Offset":[-4.1396,25.0231,44.6617,8.5774],"Target":{"Text":"C.I.F.:","Area":[127.297,68.111,17.815,9.233]},"Anchors":[]}]},{"FieldId":"invoice.invoice.invoice.J","FieldDescriptors":[{"PageIndexAtDesignTime":0,"Offset":[-5.1501,45.8575,47.3237,10.6478],"Target":{"Text":"Nr. ord.registru com./an:","Area":[118.547,68.111,82.033,9.233]},"Anchors":[]}]},{"FieldId":"invoice.invoice.invoice.Nrfactura","FieldDescriptors":[{"PageIndexAtDesignTime":0,"Offset":[-4.5452,19.602,49.4372,10.0419],"Target":{"Text":"Nr factura:","Area":[29.797,432.835,35.462,9.233]},"Anchors":[]}]},{"FieldId":"invoice.invoice.invoice.Data","FieldDescriptors":[{"PageIndexAtDesignTime":0,"Offset":[-4.7982,26.9397,37.5928,10.0419],"Target":{"Text":"Data (Z, L, A)","Area":[38.547,313.111,42.917,9.233]},"Anchors":[]}]},{"FieldId":"invoice.invoice.invoice.Totaldeplata","FieldDescriptors":[{"PageIndexAtDesignTime":0,"Offset":[21.1617,90.208,41.1976,13.1317],"Target":{"Text":"Total de plata","Area":[689.983,402.835,56.214,12.933]},"Anchors":[]}]},{"FieldId":"invoice.invoice.invoice.TotalfaraTVA","FieldDescriptors":[{"PageIndexAtDesignTime":0,"Offset":[-6.4102,44.4438,30.8982,11.5868],"Target":{"Text":"Total","Area":[663.483,417.723,20.637,12.933]},"Anchors":[]}]}]}}