{"DataContractVersion":"1.1","DocumentTypes":[{"DocumentTypeId":"invoice.invoice.invoice","Group":"invoice","Category":"invoice","Name":"invoice","OptionalUniqueIdentifier":null,"TypeField":{"FieldId":"invoice.invoice.invoice.DocumentType","FieldName":"Document Type"},"Fields":[{"FieldId":"invoice.invoice.invoice.Furnizor","FieldName":"Furnizor","IsMultiValue":false,"Type":"Text","DeriveFieldsFormat":"","Components":[],"SetValues":[],"Metadata":[{"Key":"RequiresReference","Value":"true"}]},{"FieldId":"invoice.invoice.invoice.CUI","FieldName":"CUI","IsMultiValue":false,"Type":"Text","DeriveFieldsFormat":"","Components":[],"SetValues":[],"Metadata":[{"Key":"RequiresReference","Value":"true"}]},{"FieldId":"invoice.invoice.invoice.J","FieldName":"J","IsMultiValue":false,"Type":"Text","DeriveFieldsFormat":"","Components":[],"SetValues":[],"Metadata":[{"Key":"RequiresReference","Value":"true"}]},{"FieldId":"invoice.invoice.invoice.Nrfactura","FieldName":"Nr factura","IsMultiValue":false,"Type":"Text","DeriveFieldsFormat":"","Components":[],"SetValues":[],"Metadata":[{"Key":"RequiresReference","Value":"true"}]},{"FieldId":"invoice.invoice.invoice.Data","FieldName":"Data","IsMultiValue":false,"Type":"Date","DeriveFieldsFormat":"day-month-year","Components":[],"SetValues":[],"Metadata":[{"Key":"RequiresReference","Value":"true"}]},{"FieldId":"invoice.invoice.invoice.Totaldeplata","FieldName":"Total de plata","IsMultiValue":true,"Type":"Number","DeriveFieldsFormat":"","Components":[],"SetValues":[],"Metadata":[{"Key":"RequiresReference","Value":"true"}]},{"FieldId":"invoice.invoice.invoice.TotalfaraTVA","FieldName":"Total fara TVA","IsMultiValue":false,"Type":"Number","DeriveFieldsFormat":"","Components":[],"SetValues":[],"Metadata":[{"Key":"RequiresReference","Value":"true"}]},{"FieldId":"invoice.invoice.invoice.TabelProduse","FieldName":"TabelProduse","IsMultiValue":false,"Type":"Table","DeriveFieldsFormat":"","Components":[{"FieldId":"invoice.invoice.invoice.TabelProduse.Denumireaproduselorsauaserviciilor","FieldName":"Denumirea produselor sau a serviciilor","IsMultiValue":false,"Type":"Text","DeriveFieldsFormat":"","Components":[],"SetValues":[],"Metadata":[{"Key":"RequiresReference","Value":"true"}]},{"FieldId":"invoice.invoice.invoice.TabelProduse.UM","FieldName":"U.M.","IsMultiValue":false,"Type":"Text","DeriveFieldsFormat":"","Components":[],"SetValues":[],"Metadata":[{"Key":"RequiresReference","Value":"true"}]},{"FieldId":"invoice.invoice.invoice.TabelProduse.Cantitatea","FieldName":"Cantitatea","IsMultiValue":false,"Type":"Number","DeriveFieldsFormat":"","Components":[],"SetValues":[],"Metadata":[{"Key":"RequiresReference","Value":"true"}]},{"FieldId":"invoice.invoice.invoice.TabelProduse.Pretunitar(faraTVA)","FieldName":"Pret unitar (fara T.V.A.)","IsMultiValue":false,"Type":"Number","DeriveFieldsFormat":"","Components":[],"SetValues":[],"Metadata":[{"Key":"RequiresReference","Value":"true"}]},{"FieldId":"invoice.invoice.invoice.TabelProduse.CotaTVA","FieldName":"Cota T.V.A.","IsMultiValue":false,"Type":"Number","DeriveFieldsFormat":"","Components":[],"SetValues":[],"Metadata":[{"Key":"RequiresReference","Value":"true"}]},{"FieldId":"invoice.invoice.invoice.TabelProduse.Valoarea","FieldName":"Valoarea","IsMultiValue":false,"Type":"Number","DeriveFieldsFormat":"","Components":[],"SetValues":[],"Metadata":[{"Key":"RequiresReference","Value":"true"}]},{"FieldId":"invoice.invoice.invoice.TabelProduse.ValoareaTVA","FieldName":"Valoarea T.V.A.","IsMultiValue":false,"Type":"Number","DeriveFieldsFormat":"","Components":[],"SetValues":[],"Metadata":[{"Key":"RequiresReference","Value":"true"}]}],"SetValues":[],"Metadata":[{"Key":"RequiresReference","Value":"true"}]}]}],"Groups":[{"Name":"invoice","Categories":["invoice"]}],"SupportedLanguages":[{"Name":"Undetermined Language","Code":"und"},{"Name":"Bulgarian","Code":"bul"},{"Name":"Cantonese","Code":"yue"},{"Name":"Danish","Code":"dan"},{"Name":"Dutch","Code":"nld"},{"Name":"English","Code":"eng"},{"Name":"French","Code":"fra"},{"Name":"Georgian","Code":"kat"},{"Name":"German","Code":"deu"},{"Name":"Greek","Code":"ell"},{"Name":"Hebrew","Code":"heb"},{"Name":"Hindi","Code":"hin"},{"Name":"Italian","Code":"ita"},{"Name":"Japanese","Code":"jpn"},{"Name":"Korean","Code":"kor"},{"Name":"Macedonian","Code":"mkd"},{"Name":"Mandarin","Code":"zho"},{"Name":"Marathi","Code":"mar"},{"Name":"Norwegian","Code":"nor"},{"Name":"Polish","Code":"pol"},{"Name":"Portuguese","Code":"por"},{"Name":"Romanian","Code":"ron"},{"Name":"Russian","Code":"rus"},{"Name":"Serbian","Code":"srp"},{"Name":"Spanish","Code":"spa"},{"Name":"Swedish","Code":"swe"},{"Name":"Telugu","Code":"tel"}]}